name	VP1_type
EU794905	GIII.2
EU794906	GIII.2
FJ946859	GIII.2
KX189070	GIII.2
KX189071	GIII.2
AB985418	GVIII.1
NC_044046	GVIII.1
KJ196291	GVIII.1
MG572715	GNA2.1
MG572716	GNA2.1
KY486328	GVI.1
OQ848746	GVI.1
PZ043823	GVI.1
PZ043822	GVI.1
PZ043825	GVI.1
FJ875027	GVI.1
MW662289	GVI.1
JF939046	GVI.1
MW939576	GVI.1
MW945229	GVI.1
JF930689	GVI.2
GQ443611	GVI.2
KY486329	GVI.2
PV418616	GVI.2
PV418617	GVI.2
PV418615	GVI.2
PV418613	GVI.2
PV418614	GVI.2
KT245136	GVI.2
MN897757	GVI.2
MN897759	GVI.2
MN908340	GVI.2
MN897758	GVI.2
MN897760	GVI.2
MK067295	GVI.2
MK067296	GVI.2
MK067297	GVI.2
NC_044855	GIV.NA1
KX907728	GIV.NA1
LC101824	GIV.1
JQ970479	GIV.1
FM865412	GIV.1
KT030674	GIV.1
NC_029647	GIV.1
JQ613567	GIV.1
MK726262	GIV.1
KC894731	GIV.1
MT232232	GIV.1
MN912824	GIV.2
MK067288	GIV.2
MK067290	GIV.2
MK067291	GIV.2
MT256407	GIV.2
MT256405	GIV.2
MT256406	GIV.2
ON595846	GIV.2
NC_045762	GIV.2
JF781268	GIV.2
MT256410	GIV.2
LC389583	GIV.2
PZ043824	GIV.2
PZ043826	GIV.2
ON595847	GIV.2
MT256409	GIV.2
MT256404	GIV.2
MT256408	GIV.2
PQ182552	GII.6
KY510434	GIX.1
MW261798	GIX.1
MW261799	GIX.1
LC048991	GIX.1
NC_044045	GIX.1
KJ196290	GIX.1
MW261787	GIX.1
MW261791	GIX.1
MW261796	GIX.1
MW261800	GIX.1
MW261788	GIX.1
MW261797	GIX.1
MW261789	GIX.1
MW261790	GIX.1
MW261792	GIX.1
MW261795	GIX.1
MW261793	GIX.1
MW261794	GIX.1
GQ856474	GIX.1
MK762723	GIX.1
OP811331	GIX.1
MN227775	GIX.1
KU954108	GIX.1
MT010298	GIX.1
MT010299	GIX.1
PQ740278	GIX.1
MN227770	GIX.1
LC567100	GIX.1
MN227776	GIX.1
MW228040	GIX.1
MT707683	GIX.1
MH202748	GIX.1
MN473468	GIX.1
MN462922	GIX.1
MN227771	GIX.1
MN227774	GIX.1
MT703831	GIX.1
PQ626688	GIX.1
OR050583	GIX.1
OR050584	GIX.1
OR050585	GIX.1
OR050582	GIX.1
OR050586	GIX.1
MN227777	GIX.1
MN227772	GIX.1
MN227773	GIX.1
OK247589	GIX.1
OK247590	GIX.1
OL685301	GIX.1
OL685295	GIX.1
OL685294	GIX.1
OL685298	GIX.1
OL685297	GIX.1
OL685296	GIX.1
OL685302	GIX.1
OL685293	GIX.1
OL685299	GIX.1
OL685300	GIX.1
OL685303	GIX.1
OL685304	GIX.1
MG572714	GII.6
OL757872	GVII.1
PV418618	GVII.1
FJ692501	GVII.1
NC_044047	GVII.1
FJ692500	GVII.1
MF373609	GII.4
OP930878	GX.1
KJ790198	GX.1
PQ678005	GV.1
PV605297	GV.1
MW174170	GV.2
JQ408737	GV.1
JQ408738	GV.1
JN975491	GV.1
JN975492	GV.1
EU004676	GV.1
EU854589	GV.1
JX048594	GV.1
MW018367	GV.1
FJ446719	GV.1
JF320653	GV.1
EU004664	GV.1
EU004671	GV.1
EU004663	GV.1
EU004670	GV.1
EU004668	GV.1
EU004669	GV.1
EU004666	GV.1
EU004667	GV.1
EU004665	GV.1
EU004680	GV.1
EU004678	GV.1
EU004679	GV.1
KY009908	GV.1
EU004677	GV.1
JF320652	GV.1
MT358379	GV.1
KX987840	GV.1
EU004674	GV.1
EU004672	GV.1
EU004675	GV.1
JF320650	GV.1
JF320651	GV.1
JF320648	GV.1
JF320649	GV.1
JF320647	GV.1
JF320644	GV.1
JF320646	GV.1
JF320645	GV.1
EU004681	GV.1
EU004682	GV.1
EU004660	GV.1
EU004658	GV.1
EU004659	GV.1
EU004662	GV.1
EU004657	GV.1
EU004661	GV.1
EU004656	GV.1
EU004654	GV.1
EU004655	GV.1
EU004683	GV.1
KF113526	GV.1
KF113527	GV.1
KR349276	GV.1
FJ446720	GV.1
MF326938	GV.1
EU004673	GV.1
AB435514	GV.1
AB435515	GV.1
PP550060	GV.1
PP550070	GV.1
PP550065	GV.1
PP550083	GV.1
PP550063	GV.1
PP550084	GV.1
PP550090	GV.1
PP550086	GV.1
PP550073	GV.1
PP550067	GV.1
PP550085	GV.1
OK032546	GIII.2
MK159170	GIII.2
MK159171	GIII.2
MK159169	GIII.2
MK159174	GIII.2
MK159173	GIII.2
MK159172	GIII.2
KX189067	GIII.2
KX189069	GIII.2
OM991740	GIII.2
OM991839	GIII.2
PV053516	GIII.2
KP987888	GNA1.1
AB684698	GI.3
MK762573	GI.8
GQ856462	GI.8
KC473548	GI.8
GU299761	GI.8
AB684671	GI.9
HQ637267	GI.9
GU296356	GI.9
JN183159	GI.9
MH702262	GI.9
MN494949	GI.7
JN183160	GI.7
JN183161	GI.7
OP162336	GI.7
MG557651	GI.7
LC646335	GI.7
OR065043	GI.7
MT357899	GI.7
MT357897	GI.7
MT357898	GI.7
MW305486	GI.7
KU311161	GI.7
MG557649	GI.7
MZ215727	GI.7
JN899243	GI.7
JN005886	GI.7
LC122720	GI.7
LC122721	GI.7
AB758449	GI.7
LC122722	GI.7
KX907729	GI.7
LC122723	GI.7
MN494975	GI.7
OM892923	GI.7
MT008459	GI.7
LC646334	GI.7
OR648469	GI.3
GQ856473	GI.3
MN494953	GI.3
MW305507	GI.3
PX720643	GI.3
MT008457	GI.3
MN494922	GI.3
MN494928	GI.3
KT781411	GI.3
MW305506	GI.3
LC122713	GI.3
ON033826	GI.3
PX986548	GI.3
PX986545	GI.3
PX986553	GI.3
PX986556	GI.3
PX986557	GI.3
PX986552	GI.3
PX986558	GI.3
PX986542	GI.3
PX986543	GI.3
PX986559	GI.3
PX986540	GI.3
PX986550	GI.3
PX986544	GI.3
PX986554	GI.3
PX986539	GI.3
PX986549	GI.3
PX986541	GI.3
PX986555	GI.3
PX986551	GI.3
PX986547	GI.3
PX986546	GI.3
LC769710	GI.3
LC769711	GI.3
LC769690	GI.3
PP663093	GI.3
LC769687	GI.3
MZ021645	GI.3
LC848163	GI.3
LC848164	GI.3
PP584624	GI.3
PQ582089	GI.3
PP564824	GI.3
PX986560	GI.3
PX986561	GI.3
MZ021649	GI.3
MZ021660	GI.3
MZ021661	GI.3
MN922742	GI.3
MZ021642	GI.3
MN922741	GI.3
MZ021646	GI.3
MZ021910	GI.3
MZ021651	GI.3
PQ632217	GI.3
PQ632216	GI.3
JN699047	GI.3
MZ203488	GI.3
JQ911594	GI.3
GQ856471	GI.3
GQ856472	GI.3
MN922705	GI.3
MN494972	GI.3
MN494979	GI.3
MN494985	GI.3
MN494987	GI.3
MN525232	GI.3
MN495009	GI.3
MN494982	GI.3
MN494944	GI.3
MN494990	GI.3
MN494946	GI.3
MN494999	GI.3
MN494994	GI.3
MN922729	GI.3
MZ021644	GI.3
MN922733	GI.3
MN922693	GI.3
MN922694	GI.3
MN922679	GI.3
MN922676	GI.3
MN494996	GI.3
MZ021619	GI.3
MN922719	GI.3
OR792774	GI.3
MN922726	GI.3
MN922680	GI.3
MZ021633	GI.3
MZ021908	GI.3
MZ021608	GI.3
MN922735	GI.3
MZ021632	GI.3
MZ021628	GI.3
MN922728	GI.3
MN922732	GI.3
MN922725	GI.3
MN922730	GI.3
MN494983	GI.3
MN922701	GI.3
MN922675	GI.3
MN922740	GI.3
MN494988	GI.3
MN494942	GI.3
MN922684	GI.3
MN922685	GI.3
MN494947	GI.3
MN495001	GI.3
MN495007	GI.3
MN495013	GI.3
MN495017	GI.3
MZ021604	GI.3
MZ021605	GI.3
MZ021609	GI.3
MZ021907	GI.3
MZ021611	GI.3
MZ021613	GI.3
MN922737	GI.3
MN922731	GI.3
MZ021621	GI.3
MZ021637	GI.3
MZ021647	GI.3
MZ021643	GI.3
MN922734	GI.3
MN922736	GI.3
MN922723	GI.3
MN922724	GI.3
MN922722	GI.3
MN922720	GI.3
MN922727	GI.3
MN922739	GI.3
PV839786	GI.3
PP594195	GI.3
MT031988	GI.3
MH608286	GI.3
MG557650	GI.3
FJ711163	GI.3
FJ711164	GI.3
JQ743330	GI.3
KJ194510	GI.3
MW305489	GI.3
MW305509	GI.3
MW305510	GI.3
MW305490	GI.3
KP064096	GI.3
NC_039897	GI.3
KJ196292	GI.3
LC122718	GI.3
MN448477	GI.3
LC122719	GI.3
MT089579	GI.3
MT089578	GI.3
MT089580	GI.3
LC378985	GI.3
MH218647	GI.3
MH218727	GI.3
PZ176369	GI.3
MK789654	GI.3
OP162337	GI.3
MH218726	GI.3
MH218724	GI.3
MH218725	GI.3
MH218728	GI.3
LC378984	GI.3
MN922650	GI.3
MN922653	GI.3
MN922690	GI.3
MW305500	GI.3
MW600279	GI.3
MW590348	GI.3
MW590347	GI.3
MW600284	GI.3
MN922649	GI.3
MN922667	GI.3
LC720154	GI.3
LC720156	GI.3
LC720153	GI.3
MN922654	GI.3
MN922655	GI.3
MN922656	GI.3
MN922652	GI.3
MN922657	GI.3
MN922718	GI.3
MN922678	GI.3
MN922662	GI.3
MN922664	GI.3
MN922663	GI.3
MN922665	GI.3
MN922666	GI.3
MN922691	GI.3
MN922677	GI.3
MN922687	GI.3
MN922668	GI.3
MN922707	GI.3
MN922695	GI.3
MN922692	GI.3
MN922706	GI.3
MN922659	GI.3
MN922681	GI.3
MN922686	GI.3
MN922674	GI.3
MN922696	GI.3
MN922688	GI.3
MN922697	GI.3
MN922669	GI.3
MN922671	GI.3
MN922673	GI.3
MN922670	GI.3
MN922672	GI.3
MN922712	GI.3
MN922710	GI.3
MN922699	GI.3
MN922711	GI.3
MN922703	GI.3
MN922689	GI.3
MW305491	GI.3
JN699050	GI.3
JN699048	GI.3
MW305493	GI.3
MW305492	GI.3
JN699049	GI.3
MW445537	GI.3
OR084254	GI.3
MZ021615	GI.3
MZ021641	GI.3
MZ021636	GI.3
MZ021640	GI.3
MH218723	GI.3
MH218721	GI.3
MT372466	GI.3
MT372467	GI.3
MT526277	GI.3
MT526276	GI.3
MT451991	GI.3
MZ462929	GI.3
MZ462932	GI.3
MZ462930	GI.3
MZ462931	GI.3
OP162334	GI.3
MK073887	GI.3
MK073892	GI.3
MK073893	GI.3
MT008455	GI.3
MN922682	GI.3
MN922683	GI.3
MN494998	GI.3
MZ021614	GI.3
MN495006	GI.3
OR084255	GI.3
OR792775	GI.3
MN922709	GI.3
MN922713	GI.3
MN922714	GI.3
MN494945	GI.3
MN495010	GI.3
MN922721	GI.3
MN922738	GI.3
MZ021603	GI.3
MZ021631	GI.3
MN495016	GI.3
MZ021610	GI.3
MZ021612	GI.3
MZ021627	GI.3
MZ021626	GI.3
KM289169	GI.3
MW305494	GI.3
MW305495	GI.3
JN183164	GI.3
JN603244	GI.3
GQ856470	GI.3
LC122714	GI.3
MN494955	GI.3
MN494956	GI.3
MT372468	GI.3
MT372463	GI.3
MT372470	GI.3
MW558948	GI.3
MN494916	GI.3
MN494918	GI.3
LC720155	GI.3
MN494917	GI.3
MN494919	GI.3
MN494929	GI.3
MN494963	GI.3
LC122715	GI.3
LC122717	GI.3
MN494971	GI.3
MN494938	GI.3
MN494973	GI.3
MN494984	GI.3
MN494992	GI.3
MN495004	GI.3
MZ021618	GI.3
MZ021909	GI.3
MN494978	GI.3
MN494966	GI.3
MN494969	GI.3
MZ021602	GI.3
MN494970	GI.3
MN494935	GI.3
MN494974	GI.3
MZ021905	GI.3
MN494939	GI.3
MZ021600	GI.3
MZ021601	GI.3
MN494936	GI.3
MN494965	GI.3
MN494964	GI.3
LC122689	GI.1
KT732279	GI.1
LC122688	GI.1
MZ220330	GI.1
MZ220331	GI.1
MT357991	GI.1
MT357993	GI.1
MT357992	GI.1
MZ021607	GI.1
MK956174	GI.1
MK956173	GI.1
MZ021650	GI.1
MZ021634	GI.1
MZ021616	GI.1
MH638228	GI.1
MH638229	GI.1
KF429765	GI.1
JX023285	GI.1
KF429761	GI.1
KF429774	GI.1
KF429770	GI.1
KF429773	GI.1
KF429789	GI.1
KF429783	GI.1
PX458200	GI.1
PX458201	GI.1
PX458199	GI.1
PX458198	GI.1
PX458194	GI.1
PX458190	GI.1
PV242306	GI.1
PX458193	GI.1
PX458189	GI.1
PX458195	GI.1
PX458191	GI.1
PX458192	GI.1
PV242303	GI.1
PX458196	GI.1
PV242309	GI.1
PV242313	GI.1
PX458203	GI.1
PV242318	GI.1
PX458212	GI.1
PX458205	GI.1
PX458213	GI.1
PX458211	GI.1
PX458209	GI.1
PX458216	GI.1
PV242316	GI.1
PX458206	GI.1
PX458210	GI.1
PX458215	GI.1
PX458204	GI.1
PX458207	GI.1
PX458214	GI.1
PX458225	GI.1
PX458227	GI.1
PX458220	GI.1
PV242300	GI.1
PV289253	GI.1
PX458223	GI.1
PX458219	GI.1
PX458221	GI.1
PX458228	GI.1
PX458229	GI.1
PX458241	GI.1
PX458250	GI.1
PX458245	GI.1
PX458247	GI.1
PX458248	GI.1
PX458243	GI.1
PX458231	GI.1
PV242302	GI.1
PV277014	GI.1
PX458232	GI.1
PX458246	GI.1
PX458237	GI.1
PX458242	GI.1
PX458240	GI.1
PX458252	GI.1
PX458251	GI.1
PV242315	GI.1
PX458260	GI.1
PX458263	GI.1
KT943503	GI.1
PV242301	GI.1
PX458268	GI.1
PV242299	GI.1
PX458264	GI.1
PX458269	GI.1
PX458265	GI.1
PX458270	GI.1
PX458266	GI.1
PV242304	GI.1
PX458272	GI.1
PX458271	GI.1
PX458273	GI.1
PX458274	GI.1
PX458275	GI.1
PX458277	GI.1
PX458279	GI.1
PX458280	GI.1
PV277015	GI.1
PZ251443	GI.4
GQ413970	GI.4
JN183162	GI.4
JN183163	GI.4
JN603245	GI.4
MZ229330	GI.4
MZ229462	GI.4
MW305499	GI.4
MN416765	GI.4
MK956177	GI.4
MZ021635	GI.4
LC122706	GI.4
LC122704	GI.4
MW305504	GI.4
LC122705	GI.4
PV640830	GI.4
MN938460	GI.4
MN938461	GI.4
LC122703	GI.4
KT732281	GI.4
KM036381	GI.4
MG049693	GI.4
GQ856475	GI.4
MT756629	GI.4
MT874469	GI.4
LC122712	GI.4
LC122707	GI.4
LC122708	GI.4
LC122709	GI.4
LC122710	GI.4
MT756627	GI.4
MT756561	GI.4
MT750326	GI.4
MN494967	GI.5
LC331067	GI.5
LC101825	GI.5
MZ021606	GI.5
MT008458	GI.5
MT008460	GI.5
MN494977	GI.5
MN494991	GI.5
MZ021652	GI.5
MN494997	GI.5
MN495000	GI.5
MN495003	GI.5
MZ021659	GI.5
MZ021622	GI.5
MN494976	GI.5
MN494941	GI.5
MN494993	GI.5
MN495014	GI.5
MZ021617	GI.5
MN495011	GI.5
MN494950	GI.5
MN494948	GI.5
MN494951	GI.5
MN494952	GI.5
MN494954	GI.5
MN494957	GI.5
MN494958	GI.5
JN699046	GI.5
OL345567	GI.5
KT732278	GI.5
KT732277	GI.5
MN494921	GI.5
MN494960	GI.5
KP027329	GI.5
MN494940	GI.5
MN494981	GI.5
MW305487	GI.5
KJ402295	GI.5
OR648672	GI.5
MN494986	GI.5
OP162341	GI.5
MZ021655	GI.5
OP669384	GI.5
MZ021630	GI.5
JQ743332	GI.2
PX720644	GI.2
MZ021901	GI.2
MN494920	GI.2
MZ021902	GI.2
MN494961	GI.2
MN494924	GI.2
PX720642	GI.2
MZ021638	GI.2
MZ021639	GI.2
PX986527	GI.2
PX986529	GI.2
PX986531	GI.2
PX986528	GI.2
PX986530	GI.2
PX986526	GI.2
PX986533	GI.2
PX986535	GI.2
PX986538	GI.2
PX986537	GI.2
PX986534	GI.2
PX986532	GI.2
PX986536	GI.2
MN494923	GI.2
MZ021623	GI.2
LC122690	GI.2
MZ021903	GI.2
MN494927	GI.2
MZ021904	GI.2
MN494930	GI.2
MN494980	GI.2
KU954111	GI.2
MN494943	GI.2
MZ021906	GI.2
MN494995	GI.2
MN495015	GI.2
MN495012	GI.2
MZ021629	GI.2
LC101822	GI.6
LC122701	GI.6
LC122702	GI.6
MN494937	GI.6
MN494962	GI.6
PQ585620	GI.6
MZ021654	GI.6
MZ021911	GI.6
MN494925	GI.6
MN494931	GI.6
MN494926	GI.6
MN494959	GI.6
MN494968	GI.6
MN494932	GI.6
MN494933	GI.6
MN494934	GI.6
JN699045	GI.6
LC122694	GI.6
LC122696	GI.6
LC122695	GI.6
KP407451	GI.6
KC473547	GI.6
GQ856463	GI.6
GQ856464	GI.6
LC122692	GI.6
LC122693	GI.6
LC122691	GI.6
KM036372	GI.6
KC998959	GI.6
JN222366	GI.6
JQ388274	GI.6
LC122697	GI.6
PQ249007	GI.6
MZ227264	GI.6
MZ227265	GI.6
MT754179	GI.6
MK789656	GI.6
KY210909	GI.6
KY210911	GI.6
MT372477	GI.6
PX720653	GI.6
PX720654	GI.6
PQ583777	GI.6
PQ583778	GI.6
PQ583779	GI.6
OP162339	GI.6
MT357995	GI.6
PX986562	GI.6
PX986563	GI.6
OR268635	GI.6
OR268636	GI.6
MT357996	GI.6
KY653723	GI.6
PX720652	GI.6
PX720655	GI.6
PX720650	GI.6
PX720651	GI.6
KY210910	GI.6
PX720656	GI.6
PX720657	GI.6
OP162340	GI.6
MK236611	GI.6
MK236609	GI.6
LC646339	GI.6
PQ583776	GI.6
OR267446	GI.6
OR267447	GI.6
OR267350	GI.6
MN494989	GI.6
MZ021657	GI.6
LC726060	GI.6
LC726062	GI.6
PZ098700	GII.21
HM590519	GII.21
JN899245	GII.21
KJ196284	GII.21
GQ856468	GII.21
GU138162	GII.21
GU138163	GII.21
HM590541	GII.21
GU138176	GII.21
GU138177	GII.21
PX458519	GII.21
PQ610214	GII.21
PZ251438	GII.21
KR921938	GII.21
KR921936	GII.21
KR921935	GII.21
KR921937	GII.21
MW305706	GII.21
MK396771	GII.21
MK396773	GII.21
MK762720	GII.21
KU687014	GII.21
KU687012	GII.21
KU687023	GII.21
KU687024	GII.21
MH702280	GII.21
MH702278	GII.21
MH702281	GII.21
MH702279	GII.21
MK396776	GII.21
MH702257	GII.21
MH702264	GII.21
MH702268	GII.21
MN502853	GII.21
MN503032	GII.21
MN502897	GII.21
MN502985	GII.21
MN503040	GII.21
KT962982	GII.21
MZ026899	GII.21
MN502980	GII.21
MN502991	GII.21
MN503014	GII.21
KU687019	GII.21
KU687017	GII.21
MN503054	GII.21
KU687021	GII.21
KU687018	GII.21
KU687020	GII.21
KU687022	GII.21
MN503026	GII.21
MN503020	GII.21
MN502855	GII.21
MN502889	GII.21
MN502906	GII.21
MN502997	GII.21
MN503036	GII.21
KX079488	GII.21
MH702285	GII.21
MH702282	GII.21
MW305711	GII.21
MW305712	GII.21
MN502880	GII.21
MN502916	GII.21
KR921940	GII.21
KR921939	GII.21
KR921941	GII.21
KR921942	GII.21
KY406949	GII.21
KY406950	GII.21
KY406952	GII.21
KY406951	GII.21
KY210925	GII.21
KY406953	GII.21
KY407200	GII.21
KY407202	GII.21
KY407199	GII.21
KY407201	GII.21
MW305577	GII.13
KJ196276	GII.13
AB809973	GII.13
AB809974	GII.13
JN899242	GII.13
OR713748	GII.13
MN502833	GII.13
AB809975	GII.13
AB809976	GII.13
AB809979	GII.13
AB809977	GII.13
AB809978	GII.13
MH608287	GII.13
AB810000	GII.13
AB809998	GII.13
AB810013	GII.13
AB810011	GII.13
AB810009	GII.13
AB810007	GII.13
AB810004	GII.13
AB810005	GII.13
AB810006	GII.13
AB810003	GII.13
AB809994	GII.13
AB809991	GII.13
AB809987	GII.13
AB809988	GII.13
AB809990	GII.13
AB809992	GII.13
AB809993	GII.13
AB809989	GII.13
AB810001	GII.13
AB809997	GII.13
AB809995	GII.13
AB809996	GII.13
AB809999	GII.13
AB809986	GII.13
AB809984	GII.13
AB809985	GII.13
LC122832	GII.13
AB810014	GII.13
MW305678	GII.13
MN503017	GII.13
MN503063	GII.13
MN503082	GII.13
KC832473	GII.13
KC832470	GII.13
KC832471	GII.13
KY210920	GII.13
KY406985	GII.13
KY406986	GII.13
KM036380	GII.13
KC832472	GII.13
MW305714	GII.13
MK775031	GII.13
MZ268407	GII.13
MZ268408	GII.13
MK752947	GII.13
MH702276	GII.13
MH702277	GII.13
MH702283	GII.13
MH218651	GII.13
OP205554	GII.13
LC769703	GII.13
PX458475	GII.13
PX458476	GII.13
MH702263	GII.13
PV876281	GII.13
MG892908	GII.13
MN394543	GII.13
MN394545	GII.13
PX733019	GII.13
PX733020	GII.13
MK762559	GII.13
MK762560	GII.13
MT720841	GII.13
LC597119	GII.13
LC597111	GII.13
LC597122	GII.13
LC597126	GII.13
LC597113	GII.13
MK396778	GII.13
KY653724	GII.13
KY406984	GII.13
KY406983	GII.13
KY406982	GII.13
MT526278	GII.13
KY947548	GII.13
MK754443	GII.13
MK762745	GII.13
MK752946	GII.13
MK762565	GII.13
MK753010	GII.13
MK753020	GII.13
MK753008	GII.13
MK764014	GII.13
MK753009	GII.13
MW305734	GII.17
MZ027002	GII.17
OR685283	GII.17
PQ304633	GII.17
OR062613	GII.17
MZ027043	GII.17
LC769700	GII.17
GQ266696	GII.17
GQ266697	GII.17
MW305654	GII.17
MW305660	GII.17
MN502825	GII.17
MN502813	GII.17
MN502844	GII.17
MN502842	GII.17
MN502845	GII.17
PV282515	GII.17
MW305609	GII.17
MW305610	GII.17
MW305512	GII.17
MW305604	GII.17
MW305517	GII.17
MW305742	GII.17
MW305582	GII.17
PZ098692	GII.17
PV920368	GII.17
PV920369	GII.17
PV920370	GII.17
JN699043	GII.17
AB545151	GII.17
MW305607	GII.17
MW305659	GII.17
OL943802	GII.17
MZ279714	GII.17
MZ279715	GII.17
MZ279713	GII.17
KT346358	GII.17
MN502982	GII.17
MN503043	GII.17
MN503047	GII.17
MN502999	GII.17
MN503046	GII.17
KY406980	GII.17
PV920379	GII.17
MH375810	GII.17
MH375811	GII.17
MH375809	GII.17
MH375814	GII.17
LC333898	GII.17
OR687156	GII.17
PQ304632	GII.17
MN525218	GII.17
MZ026964	GII.17
MN502963	GII.17
MW305625	GII.17
AB684681	GII.17
MH218689	GII.17
PQ373125	GII.17
MK907790	GII.17
PV784285	GII.17
PV784290	GII.17
PV784293	GII.17
PV784294	GII.17
PV784270	GII.17
PQ336867	GII.17
PV784265	GII.17
PQ336861	GII.17
PQ336851	GII.17
PQ336858	GII.17
PQ373129	GII.17
PV784280	GII.17
PV920380	GII.17
PQ373131	GII.17
PQ373132	GII.17
OP712199	GII.17
OR475187	GII.17
PV784268	GII.17
PQ336850	GII.17
PV784287	GII.17
PQ308685	GII.17
PV765509	GII.17
PQ373139	GII.17
ON854111	GII.17
PQ310126	GII.17
PV784267	GII.17
PQ336864	GII.17
OP805362	GII.17
OP805364	GII.17
OP805363	GII.17
PQ336848	GII.17
PQ336849	GII.17
OR475188	GII.17
OR475192	GII.17
PX458480	GII.17
OR475168	GII.17
OR475189	GII.17
OR475191	GII.17
PX458539	GII.17
PQ336943	GII.17
PX458555	GII.17
PX458556	GII.17
OR475185	GII.17
PV784302	GII.17
OR475172	GII.17
PQ373138	GII.17
OR475165	GII.17
OR475176	GII.17
OR475174	GII.17
PX458548	GII.17
PQ373135	GII.17
PX458472	GII.17
PX458467	GII.17
PQ304612	GII.17
PQ304610	GII.17
PQ308688	GII.17
PQ308689	GII.17
PQ308690	GII.17
PZ208570	GII.17
PZ208571	GII.17
PZ208536	GII.17
PZ208537	GII.17
PZ053850	GII.17
PZ208568	GII.17
PZ053847	GII.17
PZ053848	GII.17
PX988220	GII.17
PX988222	GII.17
PX988245	GII.17
PX988217	GII.17
PX988184	GII.17
PZ234808	GII.17
PZ143329	GII.17
PX988232	GII.17
PX988228	GII.17
PX988233	GII.17
PX988230	GII.17
PX988231	GII.17
PX988229	GII.17
PX988256	GII.17
PV588658	GII.17
PQ336944	GII.17
PV588657	GII.17
LC918516	GII.17
PV394764	GII.17
PV784345	GII.17
LC918515	GII.17
PV750891	GII.17
PV750885	GII.17
PV750889	GII.17
PV784333	GII.17
PV750875	GII.17
PQ310251	GII.17
PQ336942	GII.17
PV784346	GII.17
PV765583	GII.17
PV766927	GII.17
PV765582	GII.17
PV765572	GII.17
PV765584	GII.17
PV765588	GII.17
PV765574	GII.17
PV765585	GII.17
PV765586	GII.17
PV765567	GII.17
PV765581	GII.17
PX113523	GII.17
PX988187	GII.17
PX988238	GII.17
PX988236	GII.17
PX988239	GII.17
PX988183	GII.17
PZ234784	GII.17
PX458491	GII.17
LC918507	GII.17
LC918513	GII.17
PX988253	GII.17
PZ234821	GII.17
PX700452	GII.17
PX988199	GII.17
PX988194	GII.17
PX988200	GII.17
PX700459	GII.17
PZ143334	GII.17
PZ251434	GII.17
LC868437	GII.17
LC868431	GII.17
LC868436	GII.17
LC918517	GII.17
PZ143331	GII.17
PX988243	GII.17
PZ234812	GII.17
PX988251	GII.17
PZ234797	GII.17
PZ234809	GII.17
PX988260	GII.17
PX988234	GII.17
PZ059662	GII.17
PZ059668	GII.17
PX988226	GII.17
PX458502	GII.17
LC868426	GII.17
PX988244	GII.17
PX988257	GII.17
PZ234819	GII.17
PZ234804	GII.17
PX988246	GII.17
PX988225	GII.17
PX988211	GII.17
PX988208	GII.17
PX988207	GII.17
PX988216	GII.17
PX988214	GII.17
PX988205	GII.17
PX988210	GII.17
LC918514	GII.17
PX988258	GII.17
LC918518	GII.17
LC868434	GII.17
LC918523	GII.17
LC918522	GII.17
PZ053845	GII.17
PZ053846	GII.17
PZ208548	GII.17
PZ208538	GII.17
PZ208569	GII.17
PZ208550	GII.17
PZ208549	GII.17
PZ208542	GII.17
PZ208539	GII.17
PZ208544	GII.17
PZ208543	GII.17
PZ208572	GII.17
PZ208560	GII.17
PZ208567	GII.17
PZ208566	GII.17
PZ208563	GII.17
PZ208562	GII.17
PZ208559	GII.17
PZ208558	GII.17
PZ208554	GII.17
PZ208555	GII.17
PZ208556	GII.17
PZ053853	GII.17
PZ053852	GII.17
MK282257	GII.17
KX171417	GII.17
LC101778	GII.17
MT233268	GII.17
MT233269	GII.17
KU557792	GII.17
KU557789	GII.17
KT285173	GII.17
LC433694	GII.17
LC043167	GII.17
MK282256	GII.17
KJ156329	GII.17
MK077684	GII.17
KU561251	GII.17
KU557839	GII.17
KU557788	GII.17
LC043139	GII.17
LC043305	GII.17
LC043168	GII.17
KU561250	GII.17
MK282258	GII.17
LC433720	GII.17
LC486737	GII.17
MG995040	GII.17
PV920382	GII.17
OR793098	GII.17
MZ027005	GII.17
MN502956	GII.17
MZ026980	GII.17
MZ026953	GII.17
MZ026939	GII.17
MN502972	GII.17
MZ026945	GII.17
MZ026988	GII.17
MZ026989	GII.17
MZ026961	GII.17
MN502950	GII.17
MN503084	GII.17
MZ027033	GII.17
MZ026990	GII.17
MZ027042	GII.17
MZ027017	GII.17
MZ027047	GII.17
PQ740329	GII.17
PQ336871	GII.17
MZ027011	GII.17
MZ027016	GII.17
MZ026995	GII.17
MZ027046	GII.17
MZ027045	GII.17
MZ027004	GII.17
MZ027001	GII.17
MZ027008	GII.17
MZ027048	GII.17
PP267285	GII.17
PP423020	GII.17
MH572232	GII.17
MH375812	GII.17
MK077700	GII.17
LC333901	GII.17
MN502969	GII.17
MT729791	GII.17
PQ336872	GII.17
MN394546	GII.17
PQ740324	GII.17
MT158860	GII.17
MT158861	GII.17
MK166054	GII.17
PQ336868	GII.17
PQ336869	GII.17
PZ234773	GII.17
PX988259	GII.17
LC848162	GII.17
PZ234798	GII.17
PV920371	GII.17
PX988189	GII.17
PX988188	GII.17
PX988190	GII.17
PQ590551	GII.17
PZ234783	GII.17
PX988204	GII.17
PZ234776	GII.17
MK077697	GII.17
MK077698	GII.17
LC333887	GII.17
MK077694	GII.17
MK077696	GII.17
MH375808	GII.17
MK166056	GII.17
MK166053	GII.17
MK166057	GII.17
MZ026981	GII.17
LC644992	GII.17
LC918509	GII.17
LC918520	GII.17
PQ740330	GII.17
PP267293	GII.17
PP267286	GII.17
PP267281	GII.17
PP267296	GII.17
PP267295	GII.17
PP267289	GII.17
PP267290	GII.17
PP267283	GII.17
PQ740327	GII.17
PX988227	GII.17
PX988191	GII.17
PX988192	GII.17
PQ740326	GII.17
PZ234763	GII.17
PZ234762	GII.17
PZ234759	GII.17
PQ740323	GII.17
PX988203	GII.17
PZ234769	GII.17
LC333893	GII.17
PQ273196	GII.17
ON854109	GII.17
ON854110	GII.17
ON854105	GII.17
KU557801	GII.17
MG692610	GII.17
KU557808	GII.17
KX244852	GII.17
KU561225	GII.17
KX216803	GII.17
LC486743	GII.17
MN045198	GII.17
PV920374	GII.17
KR270449	GII.17
KY905330	GII.17
PV258462	GII.17
LC349986	GII.17
KY406968	GII.17
MZ026941	GII.17
LC433696	GII.17
LC369249	GII.17
KY502252	GII.17
MH747479	GII.17
LC433724	GII.17
KP902577	GII.17
KU557833	GII.17
MK077692	GII.17
KX592171	GII.17
MN502943	GII.17
MZ026942	GII.17
MZ026947	GII.17
LC433729	GII.17
LC369258	GII.17
PV920373	GII.17
LC148852	GII.17
KX244850	GII.17
MK907801	GII.17
MK077693	GII.17
LC333892	GII.17
LC486769	GII.17
MH608288	GII.17
MH746924	GII.17
MH638230	GII.17
MH746925	GII.17
LC369214	GII.17
LC369215	GII.17
KX216805	GII.17
KT326182	GII.17
LC433721	GII.17
LC369221	GII.17
LC101783	GII.17
LC433710	GII.17
LC333870	GII.17
LC486752	GII.17
LC486753	GII.17
LC486768	GII.17
LC318751	GII.17
LC318752	GII.17
LC333868	GII.17
LC486764	GII.17
LC349989	GII.17
LC333874	GII.17
LC333867	GII.17
LC486754	GII.17
LC318748	GII.17
LC333894	GII.17
LC333897	GII.17
LC318755	GII.17
LC318757	GII.17
LC318753	GII.17
LC258403	GII.17
LC318754	GII.17
LC311773	GII.17
LC311772	GII.17
LC486767	GII.17
LC311767	GII.17
LC333885	GII.17
MN853414	GII.17
KU557790	GII.17
KU557810	GII.17
KU557787	GII.17
MN503081	GII.17
MN503008	GII.17
MZ027027	GII.17
KX764837	GII.17
KP998539	GII.17
KP902570	GII.17
KT326180	GII.17
PV920376	GII.17
PQ373128	GII.17
LC369229	GII.17
LC369228	GII.17
LC369230	GII.17
KY424349	GII.17
KY424350	GII.17
PV920383	GII.17
PV920384	GII.17
ON706297	GII.17
MK907793	GII.17
MK907792	GII.17
OP205529	GII.17
MN502986	GII.17
MN996296	GII.17
MN960578	GII.17
MN996300	GII.17
MF073243	GII.17
MF073244	GII.17
PQ373127	GII.17
PQ336873	GII.17
MK789433	GII.17
KT970371	GII.17
LC597112	GII.17
KT780411	GII.17
KT315693	GII.17
KP902576	GII.17
KT780398	GII.17
MK077714	GII.17
LC486770	GII.17
KT315691	GII.17
KT780403	GII.17
LC433716	GII.17
LC148854	GII.17
KU557875	GII.17
KU557879	GII.17
LC486744	GII.17
KY406965	GII.17
KY407205	GII.17
KY407206	GII.17
KY407203	GII.17
KY406973	GII.17
KY406977	GII.17
KY406976	GII.17
MH572223	GII.17
MH572228	GII.17
MH572230	GII.17
KX168454	GII.17
KX168455	GII.17
LC486749	GII.17
MH375813	GII.17
MK077711	GII.17
MH375806	GII.17
MF421539	GII.17
MF421542	GII.17
MK396775	GII.17
KP698929	GII.17
KU557846	GII.17
KT780397	GII.17
KU557847	GII.17
KT970373	GII.17
KT149172	GII.17
KT992787	GII.17
OP205536	GII.17
KX424649	GII.17
PQ373121	GII.17
PQ373120	GII.17
OP205533	GII.17
KU561253	GII.17
MF172095	GII.17
MF172092	GII.17
KR020503	GII.17
KU557848	GII.17
KU557849	GII.17
KU557828	GII.17
KU557829	GII.17
KU557870	GII.17
KX216786	GII.17
MZ478134	GII.17
KP698928	GII.17
KT315700	GII.17
OM480530	GII.17
LC177662	GII.17
KX216788	GII.17
KX216791	GII.17
KX216793	GII.17
KX216787	GII.17
KT315669	GII.17
KT780394	GII.17
KT906670	GII.17
KT780395	GII.17
KP902572	GII.17
KU557838	GII.17
KT315709	GII.17
MK907791	GII.17
KT970369	GII.17
KU557852	GII.17
MK077703	GII.17
KY406971	GII.17
KU557799	GII.17
LC369227	GII.17
KX764843	GII.17
KU557785	GII.17
LC349987	GII.17
KU557802	GII.17
KP902567	GII.17
KU953398	GII.17
KU953394	GII.17
MW603758	GII.17
KU557797	GII.17
KP864104	GII.17
MN045196	GII.17
MN045203	GII.17
KP902571	GII.17
KU557893	GII.17
KU557822	GII.17
KU557823	GII.17
KT780400	GII.17
KU561255	GII.17
KU561256	GII.17
LC486756	GII.17
KT315697	GII.17
MK077705	GII.17
KX216785	GII.17
LC148853	GII.17
LC486758	GII.17
MK648241	GII.17
MK648242	GII.17
KT732276	GII.17
KT315699	GII.17
KT780406	GII.17
KX168439	GII.17
MF073250	GII.17
LC486760	GII.17
PQ273189	GII.22
MG495082	GII.22
MG495083	GII.25
GQ856469	GII.25
MN502838	GII.25
MZ026895	GII.25
MN502830	GII.25
MN502829	GII.25
MN502832	GII.25
MW305526	GII.NA2
NC_044932	GII.NA2
MG706448	GII.NA2
MG495084	GII.24
MG495085	GII.24
KY225989	GII.24
MG495081	GII.24
MN453359	GII.24
MG551869	GII.23
KR232647	GII.23
MG495080	GII.23
MN453358	GII.23
KY496328	GII.23
KT290889	GII.23
MG495077	GII.27
MG495078	GII.27
MK733206	GII.23
MK733207	GII.27
MK733205	GII.27
MK733202	GII.27
MK733203	GII.27
MK733204	GII.27
MG495079	GII.NA1
MG572724	GII.26
MG572723	GII.26
MG572722	GII.26
MG572726	GII.26
MG572725	GII.26
MG572727	GII.26
MG572728	GII.26
MG572729	GII.26
MG754365	GII.26
MG572719	GII.26
MG572730	GII.26
MG572731	GII.26
MF352142	GII.26
MG572720	GII.26
MG572721	GII.26
MF352143	GII.26
MF352144	GII.26
MG572732	GII.26
GQ856476	GII.16
MW305699	GII.16
GU292831	GII.16
MW305566	GII.16
MN447470	GII.16
MN447471	GII.16
KF920739	GII.16
MZ769132	GII.16
PX458533	GII.16
LC769702	GII.16
PV394763	GII.16
PV394762	GII.16
PV394768	GII.16
PV394761	GII.16
PV394759	GII.16
PV394767	GII.16
PV394766	GII.16
PV394760	GII.16
MW305595	GII.12
MW305597	GII.12
MW305593	GII.12
MW305596	GII.12
MH608285	GII.12
MK733201	GII.12
LC342059	GII.12
KF006267	GII.12
MW305701	GII.12
KJ196294	GII.12
LC122724	GII.12
LC122725	GII.12
KJ196282	GII.12
KJ196299	GII.12
LC122728	GII.12
LC122726	GII.12
LC122727	GII.12
MZ769126	GII.12
OR512564	GII.12
PP658560	GII.12
LC790071	GII.12
PQ740331	GII.12
PZ240517	GII.12
PZ240518	GII.12
MK616558	GII.12
MK616559	GII.12
MK754447	GII.12
MK753036	GII.12
MK764041	GII.12
MK762627	GII.12
MK754445	GII.12
OP690427	GII.12
MK355712	GII.12
MK355713	GII.12
MK616560	GII.12
MK616561	GII.12
MN502854	GII.12
MN502866	GII.12
HQ401025	GII.12
HQ664990	GII.12
HQ449728	GII.12
JQ653095	GII.12
GQ845370	GII.12
KP064099	GII.12
HQ115742	GII.12
MW305702	GII.12
MW305703	GII.12
LC122734	GII.12
LC122733	GII.12
HQ688986	GII.12
MN502831	GII.12
MZ026897	GII.12
MN502814	GII.12
MN502823	GII.12
KC464499	GII.12
KC464496	GII.12
MN502821	GII.12
MN502839	GII.12
JQ613569	GII.12
LC122736	GII.12
KC464498	GII.12
KC464497	GII.12
JQ613568	GII.12
LC122735	GII.12
KC464500	GII.12
KM198492	GII.12
KM198503	GII.12
MT712130	GII.12
MT712147	GII.12
LC122732	GII.12
LC122731	GII.12
MW305676	GII.12
LC122730	GII.12
LC122729	GII.12
PP512739	GII.1
LC122737	GII.1
EU072249	GII.1
LC122738	GII.1
LC122739	GII.1
JX289822	GII.1
OR397775	GII.1
OR397774	GII.1
OR397768	GII.1
OR397769	GII.1
OR397770	GII.1
OR397771	GII.1
OR397772	GII.1
OR397767	GII.1
OR397778	GII.1
OR397781	GII.1
OR397779	GII.1
OR397780	GII.1
OR397776	GII.1
OR397777	GII.1
OR397766	GII.1
OR397773	GII.1
OR397788	GII.1
OR397782	GII.1
OR397784	GII.1
OR397783	GII.1
OR397786	GII.1
OR397785	GII.1
OR397787	GII.1
KJ194507	GII.1
MK483908	GII.1
MG572182	GII.1
LC597120	GII.1
MF668937	GII.1
KC464322	GII.1
KC463911	GII.1
KC464323	GII.1
PX732924	GII.1
MZ265063	GII.1
MW854326	GII.1
JN797508	GII.1
MW305705	GII.1
KY649454	GII.1
KY649455	GII.1
MK614059	GII.1
KY649456	GII.1
PZ240514	GII.1
LC923386	GII.1
MN503075	GII.1
MZ026968	GII.1
MN502953	GII.1
MN502918	GII.1
MN503078	GII.1
MN502909	GII.1
MN502926	GII.1
MN503086	GII.1
MN502936	GII.1
MN502939	GII.1
MN503006	GII.1
MN503051	GII.1
MN503009	GII.1
MN503050	GII.1
JN616378	GII.1
KC597148	GII.1
KC597149	GII.1
KC597151	GII.1
KC597150	GII.1
MW305622	GII.1
PX733062	GII.1
MH218731	GII.1
MK753033	GII.1
MK753034	GII.1
MW305630	GII.1
MW305628	GII.1
MW305629	GII.1
MT242482	GII.1
MT242487	GII.1
MK616585	GII.1
MK616584	GII.1
OL898506	GII.1
MW661263	GII.1
MW661268	GII.1
MW661267	GII.1
MW661272	GII.1
MW661266	GII.1
MW661269	GII.1
MW661271	GII.1
MW661270	GII.1
MG557655	GII.10
OP609646	GII.10
OP686903	GII.10
OP609644	GII.10
OP609645	GII.10
PX458541	GII.10
OP691294	GII.10
OP691295	GII.10
MN502843	GII.5
HM596590	GII.5
MW305695	GII.5
MW305580	GII.5
JN699044	GII.5
KJ196288	GII.5
MW305658	GII.5
KJ196277	GII.5
MN502836	GII.5
LC122858	GII.5
LC122859	GII.5
KM386680	GII.5
KM386679	GII.5
MT754282	GII.5
PV087409	GII.5
KM036379	GII.5
LC122857	GII.5
MZ268406	GII.5
MZ265142	GII.5
KU311160	GII.5
KM386681	GII.5
MN502993	GII.5
MN503038	GII.5
MW305533	GII.5
MW305537	GII.5
KJ131170	GII.5
KJ131171	GII.5
KJ131169	GII.5
KJ131172	GII.5
KM036378	GII.5
KJ131168	GII.5
KJ131173	GII.5
KJ131167	GII.5
KJ131174	GII.5
KJ131175	GII.5
PQ641315	GII.5
MF802553	GII.5
MF802552	GII.5
MF802554	GII.5
MN502892	GII.5
MN503065	GII.5
MN502917	GII.5
MN502960	GII.5
MN502961	GII.5
MN502964	GII.5
MZ026965	GII.5
MW009072	GII.5
MW009068	GII.5
MW009069	GII.5
OR065073	GII.2
DQ366347	GII.2
MF405169	GII.2
MW305584	GII.2
MW305570	GII.2
KC998960	GII.2
JQ320072	GII.2
MW305600	GII.2
MW305601	GII.2
KC597138	GII.2
MT767436	GII.2
MW305578	GII.2
MW305579	GII.2
JX846925	GII.2
JN699037	GII.2
LC209435	GII.2
MW305657	GII.2
MN502837	GII.2
LC209457	GII.2
LC209465	GII.2
LC209473	GII.2
LC122851	GII.2
LC209474	GII.2
AB629941	GII.2
LC122852	GII.2
LC209472	GII.2
LC209437	GII.2
LC209438	GII.2
LC209436	GII.2
LC122854	GII.2
LC209469	GII.2
LC122853	GII.2
LC209464	GII.2
LC209454	GII.2
LC209461	GII.2
PX733075	GII.2
MH938339	GII.2
MF621949	GII.2
MF621952	GII.2
MF621955	GII.2
MF621948	GII.2
MF621951	GII.2
KC464505	GII.2
MF621953	GII.2
MF621954	GII.2
MF621957	GII.2
MF621950	GII.2
MF621956	GII.2
OQ451925	GII.2
OQ451926	GII.2
LC145790	GII.2
LC213885	GII.2
LC209445	GII.2
LC145792	GII.2
LC209443	GII.2
LC122846	GII.2
LC209434	GII.2
LC209442	GII.2
LC209432	GII.2
LC145789	GII.2
MN502851	GII.2
LC122847	GII.2
LC209444	GII.2
LC145791	GII.2
LC145797	GII.2
LC145793	GII.2
LC145802	GII.2
LC228948	GII.2
LC145803	GII.2
LC122841	GII.2
LC209450	GII.2
LC122844	GII.2
LC209466	GII.2
LC145798	GII.2
LC145799	GII.2
LC145800	GII.2
KY457722	GII.2
KY457724	GII.2
KY457725	GII.2
KY457721	GII.2
KY457723	GII.2
LC145794	GII.2
LC145796	GII.2
LC145795	GII.2
LC145786	GII.2
LC122849	GII.2
LC209456	GII.2
LC373452	GII.2
LC122850	GII.2
LC209433	GII.2
LC145788	GII.2
LC209470	GII.2
LC122848	GII.2
LC145804	GII.2
LC145806	GII.2
LC145805	GII.2
MN503021	GII.2
LC209441	GII.2
MH938340	GII.2
MK752949	GII.2
LC209458	GII.2
MN502995	GII.2
MN503035	GII.2
LC145801	GII.2
LC209455	GII.2
LC122845	GII.2
LC209431	GII.2
LC145807	GII.2
LC122843	GII.2
LC209476	GII.2
LC209475	GII.2
LC145808	GII.2
LC122842	GII.2
LC209477	GII.2
LC122855	GII.2
LC209462	GII.2
MH218733	GII.2
MH218657	GII.2
MH218697	GII.2
LC209439	GII.2
MH218648	GII.2
MH938338	GII.2
MZ708403	GII.2
MZ708404	GII.2
MZ708405	GII.2
LC122856	GII.2
LC209463	GII.2
MK729086	GII.2
MK775028	GII.2
LC209440	GII.2
MH938341	GII.2
MT218322	GII.2
MZ708221	GII.2
MK753012	GII.2
MZ708392	GII.2
OR826789	GII.2
MT724793	GII.2
KT962983	GII.2
MK764039	GII.2
MK764040	GII.2
MK753007	GII.2
OR793102	GII.2
MZ708527	GII.2
MZ708526	GII.2
MZ708523	GII.2
MZ708402	GII.2
MZ708398	GII.2
MZ708396	GII.2
MZ708400	GII.2
MZ708399	GII.2
MZ708519	GII.2
MZ708522	GII.2
MZ708521	GII.2
MZ708525	GII.2
MW305612	GII.2
MZ708393	GII.2
MZ708218	GII.2
MZ708219	GII.2
MZ708220	GII.2
MZ708518	GII.2
MZ708397	GII.2
MZ708401	GII.2
MK775029	GII.2
MW305627	GII.2
MW305640	GII.2
MW305641	GII.2
MH218737	GII.2
MH218655	GII.2
MK789430	GII.2
MH218735	GII.2
MH218736	GII.2
MZ708520	GII.2
MZ708222	GII.2
MZ708395	GII.2
MZ291626	GII.2
KJ407074	GII.2
MW661246	GII.2
MW661249	GII.2
LC209480	GII.2
LC122840	GII.2
LC122839	GII.2
LC209481	GII.2
LC209459	GII.2
LC209451	GII.2
MT233270	GII.2
LC122838	GII.2
LC209478	GII.2
LC122834	GII.2
LC209479	GII.2
LC209460	GII.2
LC209447	GII.2
LC122835	GII.2
AB629946	GII.2
LC209448	GII.2
LC145787	GII.2
LC209449	GII.2
LC122833	GII.2
LC209467	GII.2
LC209453	GII.2
LC122836	GII.2
LC209452	GII.2
LC209468	GII.2
LC209446	GII.2
LC122837	GII.2
LC209471	GII.2
MH702260	GII.2
MH702261	GII.2
MK752945	GII.2
MH218734	GII.2
MH702265	GII.2
MW642193	GII.2
KY421148	GII.2
MH158635	GII.2
MH671553	GII.2
MZ708391	GII.2
MK752944	GII.2
MK753013	GII.2
MK762628	GII.2
MK753011	GII.2
MK753014	GII.2
MK753031	GII.2
MK753015	GII.2
KY677828	GII.2
KY806296	GII.2
MH938352	GII.2
MK773581	GII.2
MK648239	GII.2
MK753021	GII.2
MH938343	GII.2
MH938347	GII.2
MH068819	GII.2
MH068820	GII.2
MG746023	GII.2
KY905336	GII.2
KY457729	GII.2
KY457727	GII.2
LC213889	GII.2
LC213886	GII.2
LC720160	GII.2
LC279239	GII.2
LC279235	GII.2
LC279242	GII.2
MG746172	GII.2
MG763368	GII.2
KY462043	GII.2
MG746004	GII.2
MZ026985	GII.2
MZ026986	GII.2
MG746084	GII.2
MG746028	GII.2
KY421144	GII.2
MZ708532	GII.2
MH634352	GII.2
KY357462	GII.2
OP205544	GII.2
MK614139	GII.2
MK614140	GII.2
MK614157	GII.2
MH634362	GII.2
KY357461	GII.2
MZ708543	GII.2
MZ708599	GII.2
MZ708538	GII.2
MZ708540	GII.2
MZ708534	GII.2
MZ708597	GII.2
MH634382	GII.2
MH634364	GII.2
KY357452	GII.2
MH634359	GII.2
MH634358	GII.2
MH634391	GII.2
MH634380	GII.2
MH634381	GII.2
MK752940	GII.2
KY677830	GII.2
MH979229	GII.2
MG746033	GII.2
KY677832	GII.2
KY677831	GII.2
MG746054	GII.2
MG746063	GII.2
MG746067	GII.2
LC384109	GII.2
MG746011	GII.2
MG746142	GII.2
KY462040	GII.2
MG763354	GII.2
MG763370	GII.2
MG763369	GII.2
MG746021	GII.2
MG746154	GII.2
MG746087	GII.2
MG746058	GII.2
MG746109	GII.2
MG745986	GII.2
MG745987	GII.2
MG746005	GII.2
MK614146	GII.2
MK614148	GII.2
KY806300	GII.2
KY806299	GII.2
MW305649	GII.2
MG745996	GII.2
MG746094	GII.2
MG745997	GII.2
MH057762	GII.2
MG746162	GII.2
MH321821	GII.2
MK614131	GII.2
MT158851	GII.2
PV843272	GII.2
PV843276	GII.2
MZ026948	GII.2
MH321818	GII.2
MH513593	GII.2
MZ026977	GII.2
KY457586	GII.2
KY407220	GII.2
KY407221	GII.2
PQ740363	GII.2
MK517761	GII.2
MK517762	GII.2
PQ740364	GII.2
PQ740368	GII.2
PQ740367	GII.2
PQ740379	GII.2
PQ740377	GII.2
PQ740382	GII.2
PQ740383	GII.2
MH938350	GII.2
LC413803	GII.2
LC798000	GII.2
LC726084	GII.2
LC798001	GII.2
OM372488	GII.2
MZ026963	GII.2
LC726079	GII.2
LC726083	GII.2
LC726082	GII.2
OP205542	GII.2
OP205543	GII.2
MN394542	GII.2
PQ740365	GII.2
MT158853	GII.2
MG746205	GII.2
MG746217	GII.2
MG746180	GII.2
MH068810	GII.2
MG763359	GII.2
MG763360	GII.2
MG746215	GII.2
MH825880	GII.2
PQ273193	GII.2
PQ273194	GII.2
PQ273192	GII.2
OP689558	GII.2
OP689557	GII.2
LC384111	GII.2
MG746211	GII.2
KY421123	GII.2
MT362915	GII.2
MT362914	GII.2
MT362916	GII.2
MW661273	GII.2
MW661277	GII.2
MK614132	GII.2
MK614128	GII.2
LC413804	GII.2
LC413802	GII.2
MK614155	GII.2
MK614141	GII.2
MK614130	GII.2
LC726086	GII.2
LC720157	GII.2
LC413799	GII.2
KY462035	GII.2
MG746095	GII.2
KY485120	GII.2
MH068791	GII.2
MH068796	GII.2
MH068797	GII.2
MH068793	GII.2
MK614158	GII.2
MK614160	GII.2
MG746061	GII.2
KY485115	GII.2
KY485116	GII.2
MG746013	GII.2
MG746014	GII.2
MG746001	GII.2
MG746081	GII.2
MG746112	GII.2
OR793100	GII.2
OR793093	GII.2
OR793099	GII.2
KY865306	GII.2
MH513595	GII.2
MK762626	GII.2
MN394544	GII.2
MK614133	GII.2
MK752935	GII.2
PQ740370	GII.2
PQ740371	GII.2
LC726081	GII.2
PQ243047	GII.2
MT738527	GII.2
LC798005	GII.2
LC798006	GII.2
LC798009	GII.2
LC798008	GII.2
LC726089	GII.2
LC798011	GII.2
LC798014	GII.2
LC726085	GII.2
LC726088	GII.2
LC646333	GII.2
OQ633109	GII.2
MT158852	GII.2
MT158857	GII.2
MK517771	GII.2
MK517770	GII.2
MK517772	GII.2
OR793082	GII.2
MH321823	GII.2
MK764022	GII.2
LC726087	GII.2
MK614161	GII.2
OM372483	GII.2
MZ026973	GII.2
OR084256	GII.2
LC798002	GII.2
LC798025	GII.2
LC790055	GII.2
LC646332	GII.2
OL826942	GII.2
LC798017	GII.2
LC798018	GII.2
LC790062	GII.2
LC798021	GII.2
LC798023	GII.2
OM372489	GII.2
OK376252	GII.2
OK376255	GII.2
OK376264	GII.2
OK376260	GII.2
OK376253	GII.2
OK376261	GII.2
MG746025	GII.2
OM372482	GII.2
PQ740380	GII.2
OL826943	GII.2
PQ273199	GII.2
PQ273188	GII.2
PQ273195	GII.2
LC798010	GII.2
LC798015	GII.2
LC798016	GII.2
LC798043	GII.2
PP267297	GII.2
PX988180	GII.2
PX988181	GII.2
PX988179	GII.2
PX988182	GII.2
LC726080	GII.2
MZ027015	GII.2
PZ240512	GII.2
OL826940	GII.2
LC726090	GII.2
LC798042	GII.2
OL826941	GII.2
PQ740374	GII.2
OR463469	GII.2
PP267300	GII.2
PP267299	GII.2
PX458557	GII.2
PQ740385	GII.2
PQ740386	GII.2
PQ740369	GII.2
PQ740384	GII.2
PQ740378	GII.2
PQ740390	GII.2
PQ740373	GII.2
PQ740375	GII.2
PQ740376	GII.2
PX285872	GII.2
PZ240515	GII.2
PZ240516	GII.2
PQ740381	GII.2
PQ740388	GII.2
PQ740389	GII.2
PP267270	GII.2
MK517766	GII.2
OR463468	GII.2
PQ740366	GII.2
PQ740372	GII.2
PQ740387	GII.2
MK517763	GII.2
MK517764	GII.2
MK517768	GII.2
MK517769	GII.2
MK517767	GII.2
MT158862	GII.2
PP267268	GII.2
MK517754	GII.2
MK517755	GII.2
MK517760	GII.2
MK517757	GII.2
MK517758	GII.2
MK517756	GII.2
MK517753	GII.2
MK517759	GII.2
OR905889	GII.18
PQ467814	GII.18
PQ467815	GII.18
PQ467816	GII.18
PQ467819	GII.18
PQ467817	GII.18
PQ467818	GII.18
HM346627	GII.11
MN567957	GII.11
LC509011	GII.11
HQ392821	GII.11
PQ467812	GII.11
PQ467813	GII.11
PQ467811	GII.11
PQ467807	GII.11
PQ467808	GII.11
PQ467809	GII.11
PQ467810	GII.11
PV553832	GII.6
PV174239	GII.6
PV174245	GII.6
PV174243	GII.6
PV174244	GII.6
JX846927	GII.6
JN699036	GII.6
MW305571	GII.6
MW305581	GII.6
KC576910	GII.6
JN699035	GII.6
LC122922	GII.6
LC122920	GII.6
LC122921	GII.6
LC122919	GII.6
MW305599	GII.6
LC760178	GII.6
ON706290	GII.6
LC122917	GII.6
LC122918	GII.6
LC760176	GII.6
LC760175	GII.6
KM198519	GII.6
LC760174	GII.6
KX752057	GII.6
LC760177	GII.6
LC760179	GII.6
ON706286	GII.6
ON706287	GII.6
ON706288	GII.6
ON706295	GII.6
ON706294	GII.6
MW305511	GII.6
MW305523	GII.6
MW305544	GII.6
MW305540	GII.6
MW305547	GII.6
JN183165	GII.6
PX732959	GII.6
KM198498	GII.6
KM198534	GII.6
KP064098	GII.6
MW305613	GII.6
MT227816	GII.6
MW305615	GII.6
MW305616	GII.6
OM386672	GII.6
MW305736	GII.6
MW661284	GII.6
MH260511	GII.6
PZ251437	GII.6
PQ740332	GII.6
MZ027007	GII.6
MZ027050	GII.6
MT227832	GII.6
MW305532	GII.6
MW305531	GII.6
MW305529	GII.6
MN502987	GII.6
MH279832	GII.6
MW305704	GII.6
MH279834	GII.6
MH279831	GII.6
MW305555	GII.6
MZ265418	GII.6
PX732944	GII.6
KM461694	GII.6
KM461693	GII.6
KM461695	GII.6
LC122916	GII.6
MN503015	GII.6
MN503002	GII.6
MN503028	GII.6
MN503003	GII.6
MW363197	GII.6
MW363198	GII.6
MH114014	GII.6
MW243610	GII.6
MT158850	GII.6
PQ740337	GII.6
MZ027009	GII.6
PZ240464	GII.6
PQ740336	GII.6
MZ026997	GII.6
PZ240463	GII.6
PP267271	GII.6
PP267274	GII.6
PQ740335	GII.6
PZ240466	GII.6
PX988131	GII.6
PX988132	GII.6
PX988134	GII.6
PX988130	GII.6
PX988133	GII.6
PZ240465	GII.6
PZ240467	GII.6
PX988136	GII.6
PX988137	GII.6
PX988138	GII.6
PX988135	GII.6
PX988139	GII.6
PQ740333	GII.6
PQ740334	GII.6
PX988145	GII.6
PX988141	GII.6
PX988144	GII.6
PX988143	GII.6
PX988142	GII.6
PX988140	GII.6
PX988147	GII.6
PX988156	GII.6
PX988152	GII.6
PX988148	GII.6
PX988157	GII.6
PX988158	GII.6
PX988149	GII.6
PX988153	GII.6
PX988150	GII.6
PX988154	GII.6
PX988155	GII.6
PX988146	GII.6
PX988151	GII.6
MW305737	GII.6
KY424345	GII.6
KY424348	GII.6
KY424346	GII.6
KY424347	GII.6
PV282529	GII.6
MK301293	GII.6
PV258471	GII.6
PV258472	GII.6
HM633213	GII.6
GU969056	GII.6
GU969055	GII.6
GU969057	GII.6
GU969054	GII.6
LC760144	GII.6
LC122896	GII.6
AB682736	GII.6
AB758451	GII.6
LC122893	GII.6
LC122894	GII.6
LC122895	GII.6
KM461690	GII.6
LC760143	GII.6
LC760145	GII.6
LC122892	GII.6
LC122898	GII.6
LC122899	GII.6
MH218645	GII.6
PV746280	GII.6
MH218673	GII.6
LC122897	GII.6
KC464321	GII.6
OR051903	GII.6
MZ265480	GII.6
MW305614	GII.6
PP661666	GII.6
PV553834	GII.6
MN502921	GII.6
MT731279	GII.6
MW661274	GII.6
MW661275	GII.6
MK956197	GII.6
MK956199	GII.6
MK956198	GII.6
MN416944	GII.6
MN416946	GII.6
MW305564	GII.6
KM198531	GII.6
KM198530	GII.6
KM198549	GII.6
MZ026896	GII.6
MN502840	GII.6
MN502835	GII.6
MN502826	GII.6
MN502828	GII.6
MN502834	GII.6
MN502911	GII.6
MN502912	GII.6
MN502882	GII.6
LC122891	GII.6
KM267743	GII.6
MZ026898	GII.6
MN502894	GII.6
MN503024	GII.6
MN502886	GII.6
MN502898	GII.6
MN502979	GII.6
MN503041	GII.6
MN502978	GII.6
MN503042	GII.6
MN502849	GII.6
MN502862	GII.6
MN502902	GII.6
MZ026998	GII.6
MN502856	GII.6
MN503025	GII.6
MN503016	GII.6
MN503029	GII.6
LC760171	GII.6
LC760172	GII.6
LC760173	GII.6
MN502998	GII.6
MN503037	GII.6
PQ273187	GII.6
OQ702253	GII.6
OQ702254	GII.6
OP690425	GII.6
OP690426	GII.6
OR536442	GII.6
MF140678	GII.6
MF140679	GII.6
MF140676	GII.6
MF140677	GII.6
MW305611	GII.6
GU930737	GII.6
MW305739	GII.6
JN699041	GII.6
MW305741	GII.6
MW305598	GII.6
LC122923	GII.6
JX984945	GII.6
JX984949	GII.6
JX984953	GII.6
JX989075	GII.6
HQ169542	GII.6
LC122928	GII.6
LC122933	GII.6
LC122926	GII.6
LC760142	GII.6
LC122927	GII.6
LC122924	GII.6
LC122931	GII.6
LC122929	GII.6
LC122925	GII.6
LC122932	GII.6
LC122930	GII.6
PX458535	GII.6
MH218687	GII.6
MH218641	GII.6
LC790056	GII.6
PX458469	GII.6
OP901692	GII.6
OP712196	GII.6
MW305735	GII.6
MN248514	GII.6
MN248516	GII.6
MN248517	GII.6
MN248515	GII.6
MH218639	GII.6
MH702288	GII.6
KX158281	GII.6
ON706296	GII.6
MH279828	GII.6
OR069405	GII.6
KY424342	GII.6
KY424343	GII.6
KY424341	GII.6
KY424344	GII.6
KM267740	GII.6
KY406920	GII.6
KU935739	GII.6
OL468714	GII.6
MG674720	GII.6
KY406919	GII.6
LC771967	GII.6
MN502974	GII.6
MH702284	GII.6
MH702286	GII.6
KY407215	GII.6
KY407216	GII.6
KY407214	GII.6
KY407213	GII.6
MT221253	GII.6
MT221255	GII.6
MT221254	GII.6
MT363962	GII.6
MN503074	GII.6
MZ026938	GII.6
MN502947	GII.6
MZ026975	GII.6
MZ026976	GII.6
MZ026952	GII.6
MN502915	GII.6
MN503077	GII.6
MN502920	GII.6
MH279837	GII.6
MH279838	GII.6
MG557654	GII.6
LC597124	GII.6
LC597123	GII.6
LC597121	GII.6
LC597131	GII.6
LC122915	GII.6
PP267273	GII.6
KX228762	GII.6
MF802550	GII.6
OR793081	GII.6
KM267742	GII.6
KM267741	GII.6
MK614063	GII.6
MH218650	GII.6
MH279827	GII.6
MH279836	GII.6
MH279839	GII.6
MH279835	GII.6
PV282523	GII.6
PV282528	GII.6
MH218640	GII.6
MH218644	GII.6
MH791993	GII.6
MH260510	GII.6
MH260487	GII.6
MH279824	GII.6
PV282510	GII.6
PV282517	GII.6
PV282518	GII.6
PV282511	GII.6
PX733054	GII.6
PX733060	GII.6
KM036375	GII.6
KY406918	GII.6
LC122913	GII.6
MT409887	GII.6
MW305638	GII.6
MW305635	GII.6
MW305561	GII.6
MW305554	GII.6
MW305556	GII.6
LC726059	GII.6
MW305551	GII.6
MW305549	GII.6
MW305563	GII.6
MW305559	GII.6
MN503001	GII.6
MW305740	GII.6
PX733044	GII.6
LC122914	GII.6
KY406921	GII.6
LC760168	GII.6
LC373450	GII.6
LC760146	GII.6
LC760157	GII.6
LC760165	GII.6
LC122907	GII.6
LC122909	GII.6
LC760163	GII.6
LC760164	GII.6
LC760161	GII.6
LC760155	GII.6
LC720163	GII.6
LC760159	GII.6
LC122912	GII.6
LC133338	GII.6
LC133342	GII.6
LC760156	GII.6
LC760158	GII.6
LC760150	GII.6
LC760170	GII.6
LC760147	GII.6
LC122901	GII.6
LC760167	GII.6
LC122904	GII.6
LC122902	GII.6
LC122910	GII.6
LC760151	GII.6
LC760154	GII.6
LC760166	GII.6
LC760169	GII.6
MW305573	GII.7
JN699042	GII.7
PZ098691	GII.7
KF006266	GII.7
OP205528	GII.7
LC122890	GII.7
KC832474	GII.7
MH279833	GII.7
GU385891	GII.7
GU385892	GII.7
KT943504	GII.7
KT943505	GII.7
MW305605	GII.7
MW305603	GII.7
MW305602	GII.7
MW305606	GII.7
MN502816	GII.7
MN502827	GII.7
GU134965	GII.7
LC122886	GII.7
MK762722	GII.7
MT731332	GII.7
MW305718	GII.7
GQ849130	GII.7
GQ849129	GII.7
MN502815	GII.7
KJ196295	GII.7
LC122887	GII.7
LC122888	GII.7
MN502847	GII.7
MZ546182	GII.7
LC122889	GII.7
MW305709	GII.7
MW305710	GII.7
MZ292759	GII.7
MW305675	GII.7
MW305677	GII.7
MH218692	GII.7
PV844616	GII.7
PQ754436	GII.7
PX988093	GII.7
PX988092	GII.7
PX988094	GII.7
MW284778	GII.7
MW284784	GII.7
MW284776	GII.7
MW284777	GII.7
MH279829	GII.7
MF140645	GII.7
MF140646	GII.7
MF140647	GII.7
MF140648	GII.7
MN038126	GII.7
MZ478137	GII.7
MZ478135	GII.7
MZ478138	GII.7
MW305620	GII.7
MH218658	GII.7
MW305721	GII.7
MW305707	GII.7
MW305713	GII.7
MH279830	GII.7
MH218661	GII.7
MW305550	GII.7
MW305552	GII.7
MW305562	GII.7
PX631122	GII.7
OR821720	GII.7
LC877022	GII.7
LC877031	GII.7
PQ100949	GII.7
PQ100943	GII.7
PQ100944	GII.7
PQ100945	GII.7
PQ100946	GII.7
PQ100947	GII.7
PQ754431	GII.7
PQ754434	GII.7
PQ754433	GII.7
PQ754432	GII.7
PQ754430	GII.7
PQ100948	GII.7
PV806172	GII.7
PV806173	GII.7
PV806174	GII.7
LC877021	GII.7
LC877023	GII.7
LC877024	GII.7
LC877030	GII.7
LC877025	GII.7
LC877027	GII.7
LC877028	GII.7
PQ507186	GII.7
PX988106	GII.7
PX988105	GII.7
PX988107	GII.7
PX988114	GII.7
PX988115	GII.7
PX988117	GII.7
PX988116	GII.7
LC877026	GII.7
PX988112	GII.7
PX988113	GII.7
PQ754435	GII.7
LC877032	GII.7
LC877029	GII.7
LC877033	GII.7
LC877034	GII.7
PQ507173	GII.7
PQ594187	GII.7
PX988128	GII.7
PX988127	GII.7
PX988129	GII.7
PX988103	GII.7
PX988102	GII.7
PX988104	GII.7
PX988101	GII.7
PX988120	GII.7
PX988119	GII.7
PX988123	GII.7
PX988126	GII.7
PX988122	GII.7
PX988125	GII.7
PX988124	GII.7
PX988118	GII.7
PX988121	GII.7
PX988109	GII.7
PX988110	GII.7
PX988108	GII.7
PX988111	GII.7
PX988100	GII.7
PX988096	GII.7
PX988099	GII.7
PX988097	GII.7
PX988095	GII.7
PX988098	GII.7
MW305730	GII.14
MW305569	GII.14
MW305576	GII.14
JN699038	GII.14
KM289171	GII.14
OR536443	GII.14
OR536444	GII.14
OR536445	GII.14
OR536446	GII.14
OR536448	GII.14
OR536447	GII.14
OR536449	GII.14
OR536455	GII.14
OR536460	GII.14
OR536461	GII.14
OR536464	GII.14
OR536462	GII.14
OR536463	GII.14
OR536465	GII.14
OR536452	GII.14
OR536458	GII.14
OR536459	GII.14
OR536450	GII.14
OR536451	GII.14
OR536454	GII.14
OR536456	GII.14
OR536453	GII.14
OR536457	GII.14
MW305518	GII.14
MW305519	GII.14
MN502812	GII.14
PV553833	GII.14
MH279826	GII.14
MW305648	GII.14
MK588004	GII.14
MW305719	GII.14
MW305722	GII.14
MN502922	GII.14
MK614060	GII.14
OR793097	GII.14
OR797349	GII.14
OR797473	GII.14
MZ026991	GII.14
OL898513	GII.14
MK641589	GII.14
OR069406	GII.14
LC535110	GII.14
LC556388	GII.14
LC556389	GII.14
LC556390	GII.14
LC556391	GII.14
LC556392	GII.14
MZ272053	GII.14
MZ272475	GII.14
GU017907	GII.14
GU017900	GII.14
GU017902	GII.14
GU017901	GII.14
GU017904	GII.14
GU017905	GII.14
GU594162	GII.14
GU017903	GII.14
GU017908	GII.14
GU017906	GII.14
GQ856465	GII.14
MW305698	GII.14
KJ196278	GII.14
KJ196297	GII.14
LC720165	GII.14
LC122885	GII.14
LC122884	GII.14
LC122883	GII.14
MN502818	GII.14
MN502820	GII.14
LC122881	GII.14
MW305700	GII.14
LC122882	GII.14
MW305663	GII.14
LC122875	GII.14
LC122876	GII.14
LC122880	GII.14
MW305664	GII.14
MW305665	GII.14
MW305666	GII.14
LC122877	GII.14
MW305674	GII.14
LC122874	GII.14
LC122879	GII.14
LC122870	GII.14
MW305672	GII.14
MW305673	GII.14
LC122861	GII.14
MN502867	GII.14
MN502865	GII.14
MN502966	GII.14
MN502919	GII.14
MN502948	GII.14
MN503070	GII.14
MN503058	GII.14
MN502905	GII.14
MN502878	GII.14
MN502883	GII.14
MN503071	GII.14
MZ026902	GII.14
MN502858	GII.14
MN502990	GII.14
MN503045	GII.14
MW305671	GII.14
MK850443	GII.14
MW305667	GII.14
MW305668	GII.14
MW305670	GII.14
LC122865	GII.14
LC122866	GII.14
LC122862	GII.14
LC122863	GII.14
LC720166	GII.14
LC122860	GII.14
LC122864	GII.14
MW305669	GII.14
LC122871	GII.14
LC122872	GII.14
LC122873	GII.14
LC122869	GII.14
MW305683	GII.14
MW305684	GII.14
MW305679	GII.14
MW305681	GII.14
LC133340	GII.14
MW305694	GII.14
MW305691	GII.14
LC122867	GII.14
MW305692	GII.14
MW305690	GII.14
MW305693	GII.14
LC122878	GII.14
MW305685	GII.14
LC122868	GII.14
MW305688	GII.14
MW305686	GII.14
MW305689	GII.14
MW305687	GII.14
PX353865	GII.9
PZ143332	GII.9
MN502822	GII.9
MW305514	GII.9
MW305516	GII.9
MW305520	GII.9
MN502850	GII.9
MZ312111	GII.9
MN502938	GII.9
MN502931	GII.9
MN502976	GII.9
MN502952	GII.9
MN502957	GII.9
MN502942	GII.9
MZ026970	GII.9
MN503085	GII.9
MN502940	GII.9
MN502944	GII.9
MN502923	GII.9
MN503079	GII.9
MN502955	GII.9
MN502965	GII.9
MN502817	GII.8
PV416744	GII.8
PQ754429	GII.8
PX988084	GII.8
PX988090	GII.8
PX988085	GII.8
PX988088	GII.8
PX988086	GII.8
PX988087	GII.8
PX988091	GII.8
PX988083	GII.8
PX988089	GII.8
OR546393	GII.8
OR546392	GII.8
OR546391	GII.8
MN996298	GII.8
OR546397	GII.8
OR546396	GII.8
OR546398	GII.8
OR546399	GII.8
OR546400	GII.8
PP645199	GII.8
PP645198	GII.8
MZ292794	GII.8
PX733033	GII.8
MN502913	GII.8
MN503055	GII.8
MN503053	GII.8
MN502992	GII.8
MN503056	GII.8
MN502864	GII.8
MN503013	GII.8
MZ033217	GII.8
MN502881	GII.8
MN503031	GII.8
MN503010	GII.8
MN502983	GII.8
MN503039	GII.8
MZ033218	GII.8
MN502904	GII.8
MN502908	GII.8
MZ033222	GII.8
MN502968	GII.8
MZ033220	GII.8
MN503080	GII.8
MN502893	GII.8
MN502863	GII.8
MZ033219	GII.8
MN525215	GII.8
MN525217	GII.8
KY406948	GII.8
MW661257	GII.8
MK213549	GII.8
MN502929	GII.8
MN502958	GII.8
MZ026943	GII.8
MN502935	GII.8
MN502949	GII.8
MZ027039	GII.8
MZ033190	GII.8
MZ033225	GII.8
MZ026946	GII.8
MN502975	GII.8
MN503052	GII.8
MZ027030	GII.8
MN502899	GII.8
MN502852	GII.8
MZ026940	GII.8
MZ026908	GII.8
MZ026916	GII.8
MN502941	GII.8
MZ027031	GII.8
MN502962	GII.8
MZ026917	GII.8
MZ026906	GII.8
MN502970	GII.8
MN502954	GII.8
MZ026918	GII.8
MN502890	GII.8
MZ033223	GII.8
MZ027040	GII.8
MZ027041	GII.8
MZ026927	GII.8
MZ026928	GII.8
MZ026929	GII.8
MZ026925	GII.8
MN502924	GII.8
MZ026926	GII.8
MZ026924	GII.8
MZ026931	GII.8
MZ026930	GII.8
MZ026932	GII.8
MN502932	GII.8
OP686904	GII.8
OR546394	GII.8
MZ026967	GII.8
MZ027003	GII.8
MZ026999	GII.8
OR546395	GII.8
MZ033189	GII.8
MZ033233	GII.8
MZ027035	GII.8
MZ033229	GII.8
MZ027018	GII.8
MZ033239	GII.8
MZ033235	GII.8
MZ026994	GII.8
MZ027044	GII.8
MZ033244	GII.8
MZ033185	GII.8
MZ026954	GII.8
MZ026996	GII.8
MZ026987	GII.8
MZ033237	GII.8
MZ026969	GII.8
MZ027037	GII.8
MZ026974	GII.8
MZ033228	GII.8
MZ026957	GII.8
MZ026956	GII.8
MZ033241	GII.8
MZ026962	GII.8
MZ033240	GII.8
MZ027036	GII.8
MZ033238	GII.8
MZ026958	GII.8
MZ026971	GII.8
MZ033232	GII.8
MZ033242	GII.8
MZ033187	GII.8
MZ033188	GII.8
MZ033230	GII.8
MZ026949	GII.8
MZ033236	GII.8
MZ026993	GII.8
MZ027013	GII.8
MZ027049	GII.8
MZ033234	GII.8
MZ033243	GII.8
MZ027010	GII.8
MZ027012	GII.8
PQ593082	GII.3
OP218776	GII.3
PQ810729	GII.3
OP690505	GII.3
OL451532	GII.3
OL451533	GII.3
OQ190312	GII.3
OP218773	GII.3
OP218777	GII.3
PV876278	GII.3
OQ342793	GII.3
OP218774	GII.3
OP218775	GII.3
MW305728	GII.3
HM072044	GII.3
MW305727	GII.3
HM072043	GII.3
MW305650	GII.3
MW305592	GII.3
MW305591	GII.3
JQ743333	GII.3
KJ194504	GII.3
KJ194500	GII.3
MW305726	GII.3
HM072040	GII.3
MW305733	GII.3
MW305731	GII.3
MW305732	GII.3
JN699039	GII.3
MW305575	GII.3
JN699040	GII.3
MW305574	GII.3
KC597144	GII.3
KY442319	GII.3
KY442320	GII.3
MW305724	GII.3
HM072045	GII.3
HM072046	GII.3
HM072042	GII.3
MW305725	GII.3
HM072041	GII.3
MH279487	GII.3
JN565063	GII.3
MZ265003	GII.3
MT256116	GII.3
MT316113	GII.3
MT256120	GII.3
MT316122	GII.3
KM289170	GII.3
KT779557	GII.3
KF944110	GII.3
KF944111	GII.3
KF895841	GII.3
OL943801	GII.3
MK762640	GII.3
MW305536	GII.3
MK764020	GII.3
PP825703	GII.3
KM289172	GII.3
PP513139	GII.3
LC769704	GII.3
LC597117	GII.3
LC597134	GII.3
MH702267	GII.3
MK396777	GII.3
MH702287	GII.3
MK396772	GII.3
MK762721	GII.3
MH702259	GII.3
OR069404	GII.3
KC597140	GII.3
LC122831	GII.3
AB758450	GII.3
MT808056	GII.3
MT808057	GII.3
KF931267	GII.3
HM590538	GII.3
KF931180	GII.3
GU292851	GII.3
MF140685	GII.3
MF140684	GII.3
MF140688	GII.3
MF140686	GII.3
MF140687	GII.3
MF140689	GII.3
KC464326	GII.3
MT808055	GII.3
KC464327	GII.3
GQ849127	GII.3
MK907798	GII.3
KF931324	GII.3
GU138208	GII.3
KJ184223	GII.3
KF944119	GII.3
KF944065	GII.3
MG892076	GII.3
KF944179	GII.3
KJ184256	GII.3
KF944147	GII.3
KJ634708	GII.3
KF944266	GII.3
MH218590	GII.3
MH218581	GII.3
MH218582	GII.3
MH218588	GII.3
MH218604	GII.3
MH218601	GII.3
MH218630	GII.3
MH218594	GII.3
MH218597	GII.3
MH218593	GII.3
MH218592	GII.3
MH218599	GII.3
MH218600	GII.3
KY210919	GII.3
KF944244	GII.3
MH251250	GII.3
KF920726	GII.3
KJ184287	GII.3
MW661262	GII.3
OP205583	GII.3
OP205577	GII.3
OP205578	GII.3
MG892954	GII.3
OP205581	GII.3
OP205569	GII.3
OP205585	GII.3
MH218671	GII.3
MH218660	GII.3
MH218690	GII.3
MH218668	GII.3
MH218680	GII.3
MH218683	GII.3
MH218679	GII.3
MH218677	GII.3
MH218678	GII.3
MH218675	GII.3
MH218676	GII.3
MH218682	GII.3
MH218681	GII.3
MH218686	GII.3
MH218693	GII.3
MH218688	GII.3
KY210918	GII.3
MG892946	GII.3
MG892955	GII.3
MW305631	GII.3
LC769706	GII.3
LC769709	GII.3
KY887606	GII.3
KY887598	GII.3
KY887597	GII.3
LC769715	GII.3
LC769689	GII.3
LC769682	GII.3
LC769712	GII.3
LC769713	GII.3
PV258463	GII.3
PV258466	GII.3
OP205531	GII.3
MH218580	GII.3
MH218587	GII.3
MK773588	GII.3
MH218732	GII.3
PV876272	GII.3
OP205570	GII.3
OP205556	GII.3
OP205557	GII.3
MH218575	GII.3
MH218712	GII.3
MH218578	GII.3
MH218579	GII.3
MH218583	GII.3
MH218589	GII.3
MH218602	GII.3
MH218596	GII.3
MH218595	GII.3
MH218654	GII.3
MH218646	GII.3
MH218653	GII.3
MH218571	GII.3
MH218577	GII.3
MH218576	GII.3
MH218738	GII.3
MH218570	GII.3
MH218574	GII.3
MH218572	GII.3
MH218585	GII.3
MH218598	GII.3
MH218603	GII.3
MH218573	GII.3
MH218584	GII.3
MH218586	GII.3
MH218717	GII.3
MH218618	GII.3
MH218696	GII.3
KC464328	GII.3
KC464329	GII.3
MW305522	GII.3
MW305541	GII.3
MW305513	GII.3
KM056394	GII.3
OP205576	GII.3
OR536466	GII.3
OR536467	GII.3
OR536468	GII.3
OR536475	GII.3
OR536495	GII.3
OR536496	GII.3
OR536494	GII.3
OR536477	GII.3
OR536478	GII.3
OR536482	GII.3
OR536483	GII.3
OR536487	GII.3
OR536491	GII.3
OR536492	GII.3
OR536493	GII.3
OR536486	GII.3
OR536498	GII.3
OR536497	GII.3
OR536499	GII.3
OR536484	GII.3
OR536480	GII.3
OR536490	GII.3
OR536469	GII.3
OR536472	GII.3
OR536479	GII.3
OR536481	GII.3
OR536473	GII.3
OR536488	GII.3
OR536485	GII.3
OR536489	GII.3
OR536470	GII.3
OR536471	GII.3
OR536474	GII.3
OR536476	GII.3
KP064097	GII.3
JX984948	GII.3
PV087407	GII.3
MT678707	GII.3
MT678700	GII.3
KF944165	GII.3
KF944166	GII.3
MT678705	GII.3
LC122741	GII.3
OL913975	GII.3
KY767665	GII.3
MT678712	GII.3
KF306213	GII.3
MT678718	GII.3
MT678719	GII.3
MT678732	GII.3
MK614064	GII.3
MT678708	GII.3
MT678709	GII.3
MT678710	GII.3
MT678711	GII.3
MT678713	GII.3
MT678714	GII.3
MT678716	GII.3
MT678717	GII.3
MT678715	GII.3
LC122740	GII.3
MT678720	GII.3
MT678721	GII.3
MW363175	GII.3
MW363179	GII.3
MW363176	GII.3
MW363177	GII.3
MW363178	GII.3
KM198563	GII.3
KM198484	GII.3
KM198553	GII.3
KM198505	GII.3
KM198561	GII.3
KM198572	GII.3
KM198586	GII.3
KM198496	GII.3
KM198493	GII.3
KM198509	GII.3
KX355506	GII.3
KM198583	GII.3
MK907787	GII.3
LC122764	GII.3
KJ145323	GII.3
KM198511	GII.3
KM198529	GII.3
KM198590	GII.3
KM198528	GII.3
KM198500	GII.3
KM198573	GII.3
KM198554	GII.3
KM198547	GII.3
KC464324	GII.3
KF006265	GII.3
EU072241	GII.3
EU072243	GII.3
MW305608	GII.3
LC122763	GII.3
MT808058	GII.3
JN899244	GII.3
LC101823	GII.3
LC122762	GII.3
KF931234	GII.3
KF931243	GII.3
PV297972	GII.3
PZ136059	GII.3
PZ136056	GII.3
PZ136057	GII.3
PZ136055	GII.3
PZ136060	GII.3
PZ136061	GII.3
PZ136051	GII.3
PZ136054	GII.3
PZ136053	GII.3
PZ136052	GII.3
PZ136058	GII.3
PZ221918	GII.3
PZ221916	GII.3
PZ221929	GII.3
PZ221921	GII.3
PZ221919	GII.3
PZ221930	GII.3
PZ221917	GII.3
PZ221920	GII.3
PZ221928	GII.3
PZ221927	GII.3
PZ221926	GII.3
PZ221915	GII.3
PZ221923	GII.3
PZ221922	GII.3
PZ221925	GII.3
PZ221924	GII.3
KC464325	GII.3
LC122752	GII.3
LC122753	GII.3
LC122751	GII.3
LC122754	GII.3
EU850826	GII.3
DQ419909	GII.3
EU850823	GII.3
GU980585	GII.3
EU850824	GII.3
EU850825	GII.3
EU850827	GII.3
LC122755	GII.3
LC122756	GII.3
GQ856466	GII.3
LC122757	GII.3
GQ856467	GII.3
MN502860	GII.3
MN502870	GII.3
LC122758	GII.3
LC122759	GII.3
GU991355	GII.3
MT678696	GII.3
MT678697	GII.3
MT678698	GII.3
MT678699	GII.3
MT678701	GII.3
MT678703	GII.3
LC122749	GII.3
LC122750	GII.3
LC122748	GII.3
LC122744	GII.3
AB629943	GII.3
LC720162	GII.3
LC720161	GII.3
LC122746	GII.3
LC122745	GII.3
LC122747	GII.3
LC122742	GII.3
LC122743	GII.3
KC464495	GII.3
MT678693	GII.3
MT678695	GII.3
MT678694	GII.3
MT678704	GII.3
MT678706	GII.3
MT678702	GII.3
KF944203	GII.3
KF895848	GII.3
KF944227	GII.3
KF944232	GII.3
KF895854	GII.3
KF895859	GII.3
LC122760	GII.3
LC133339	GII.3
LC133343	GII.3
LC035073	GII.3
LC035072	GII.3
LC122761	GII.3
MN199033	GII.3
MT678723	GII.3
KT732274	GII.3
MT678722	GII.3
MT678724	GII.3
MT678727	GII.3
LC597132	GII.3
KY348697	GII.3
KY407173	GII.3
KY407175	GII.3
KY407172	GII.3
KY407174	GII.3
KY905334	GII.3
MW661276	GII.3
PQ442936	GII.3
MH260494	GII.3
MW661265	GII.3
KY406922	GII.3
PV258468	GII.3
PV258470	GII.3
KY407177	GII.3
KY407180	GII.3
KY407179	GII.3
KY407176	GII.3
KY407178	GII.3
KY348698	GII.3
MN502891	GII.3
MN503060	GII.3
MN503057	GII.3
MZ026900	GII.3
MN502901	GII.3
MN502875	GII.3
LC597125	GII.3
OQ451930	GII.3
MW661255	GII.3
PQ442935	GII.3
MK073886	GII.3
MT409886	GII.3
MT409885	GII.3
MT409884	GII.3
KY406923	GII.3
KY406924	GII.3
KY406925	GII.3
MT678739	GII.3
MT678735	GII.3
MT678733	GII.3
MT678737	GII.3
MT678747	GII.3
OQ451931	GII.3
OR797347	GII.3
OR797475	GII.3
MT678736	GII.3
KY406929	GII.3
KY406931	GII.3
KY406930	GII.3
KY406932	GII.3
KY406933	GII.3
KY406928	GII.3
KY407190	GII.3
KY406926	GII.3
KY407192	GII.3
KY407193	GII.3
KY407191	GII.3
KY407194	GII.3
OM372484	GII.3
OP205572	GII.3
PX464555	GII.3
OP901693	GII.3
MW127530	GII.3
MW127539	GII.3
MW127540	GII.3
MT678734	GII.3
MT678738	GII.3
MT755733	GII.3
PQ273185	GII.3
PQ273190	GII.3
PQ273197	GII.3
PQ273198	GII.3
PQ273182	GII.3
PQ273183	GII.3
PQ273184	GII.3
OR797346	GII.3
OR797474	GII.3
OR793080	GII.3
OR797348	GII.3
OR797476	GII.3
MT678746	GII.3
MT678743	GII.3
MT158854	GII.3
OQ633110	GII.3
MW127536	GII.3
OM386792	GII.3
MT678745	GII.3
OQ451929	GII.3
MW127532	GII.3
MW127531	GII.3
MN416945	GII.3
MN542844	GII.3
MW127529	GII.3
MT678731	GII.3
MT678729	GII.3
MT678730	GII.3
MT678725	GII.3
MT678726	GII.3
KY406934	GII.3
KY406936	GII.3
KY406935	GII.3
KY407196	GII.3
KY407197	GII.3
KY407195	GII.3
KY407198	GII.3
MN502933	GII.3
MZ026983	GII.3
MZ027034	GII.3
OR793101	GII.3
OR793103	GII.3
OR797351	GII.3
OR797472	GII.3
KY767664	GII.3
MT678728	GII.3
KY406938	GII.3
KY406939	GII.3
MT678744	GII.3
KY406940	GII.3
MT678742	GII.3
MT678741	GII.3
MT678740	GII.3
OM372487	GII.3
MW127533	GII.3
MZ027006	GII.3
PQ740352	GII.3
PQ740351	GII.3
PX464563	GII.3
PX464571	GII.3
OM372595	GII.3
MZ026978	GII.3
OM373562	GII.3
OM373201	GII.3
MK517765	GII.3
OM372486	GII.3
OM388564	GII.3
MT678748	GII.3
MT678750	GII.3
MT678749	GII.3
MT678752	GII.3
MT678751	GII.3
OR797350	GII.3
OR797477	GII.3
KX989465	GII.3
KX989466	GII.3
KX989467	GII.3
KX989464	GII.3
KX989468	GII.3
KY406941	GII.3
OQ451927	GII.3
OQ451928	GII.3
OQ451934	GII.3
OQ451932	GII.3
OQ451935	GII.3
OQ451938	GII.3
KY406943	GII.3
KY406942	GII.3
KY406947	GII.3
KY406946	GII.3
KY406944	GII.3
KY406945	GII.3
MG892949	GII.3
MG892927	GII.3
MG892920	GII.3
MG892956	GII.3
MG892952	GII.3
MG892947	GII.3
MG892953	GII.3
MG892951	GII.3
MG892915	GII.3
MG892950	GII.3
MG892911	GII.3
MG892910	GII.3
ON569431	GII.3
MZ026979	GII.3
MZ026982	GII.3
MZ027014	GII.3
MZ027038	GII.3
MW704319	GII.3
MW704329	GII.3
MW704306	GII.3
MW704328	GII.3
MZ503608	GII.3
MZ503598	GII.3
LC535134	GII.3
PQ740350	GII.3
PV636607	GII.3
PQ559816	GII.3
PZ231305	GII.3
PZ231295	GII.3
PX464556	GII.3
PX464568	GII.3
PZ231294	GII.3
PQ740348	GII.3
PQ740349	GII.3
PQ740347	GII.3
PQ507180	GII.3
PX988166	GII.3
PZ231296	GII.3
PZ231297	GII.3
PZ231300	GII.3
PZ231299	GII.3
PZ231304	GII.3
PZ231302	GII.3
PZ231301	GII.3
PZ231303	GII.3
PX988177	GII.3
PX988178	GII.3
PZ231298	GII.3
PX988167	GII.3
PX988168	GII.3
PX988174	GII.3
PX988176	GII.3
PX988175	GII.3
PX988172	GII.3
PX988173	GII.3
PX988171	GII.3
PX464573	GII.3
PX464567	GII.3
PX464554	GII.3
PX464575	GII.3
OM884056	GII.3
PQ442937	GII.3
PX464557	GII.3
PX464558	GII.3
PX464559	GII.3
PX464576	GII.3
PX464560	GII.3
PX464564	GII.3
PX464566	GII.3
PX458479	GII.3
PQ461161	GII.3
PQ461163	GII.3
PQ461162	GII.3
PX988169	GII.3
PX988170	GII.3
PX458562	GII.3
PX458563	GII.3
PX464579	GII.3
PX464569	GII.3
PX458477	GII.3
PX458513	GII.3
PX464570	GII.3
PX464572	GII.3
PX464577	GII.3
PX464561	GII.3
PX464565	GII.3
PX464562	GII.3
OP712197	GII.3
PX458527	GII.3
PX458537	GII.3
PX458551	GII.3
PX285873	GII.3
PZ231306	GII.3
PP658556	GII.3
PX458560	GII.3
PP658554	GII.3
PP658555	GII.3
PP587394	GII.3
PP587395	GII.3
PP645200	GII.3
OQ682536	GII.20
EU072235	GII.20
PV843154	GII.20
OP729311	GII.20
OP729312	GII.20
OP729314	GII.20
OP729310	GII.20
OP729313	GII.20
KC462195	GII.4
MW305583	GII.4
JX401281	GII.4
KC576915	GII.4
JX401280	GII.4
MW305729	GII.4
FJ537135	GII.4
AB684704	GII.4
AB684705	GII.4
MW305572	GII.4
MW305697	GII.4
MW305696	GII.4
JX401279	GII.4
JX023286	GII.4
FJ537134	GII.4
AB684675	GII.4
FJ537138	GII.4
AB684720	GII.4
AB985437	GII.4
FJ537137	GII.4
FJ537136	GII.4
MW305594	GII.4
AB985442	GII.4
KY424339	GII.4
KY424340	GII.4
JX289821	GII.4
KY424337	GII.4
KY424338	GII.4
KY424333	GII.4
KY424334	GII.4
KY424335	GII.4
KY424332	GII.4
KY424336	GII.4
LC048908	GII.4
LC048948	GII.4
MW305585	GII.4
MW305652	GII.4
MW305651	GII.4
LC048964	GII.4
MW305588	GII.4
MW305653	GII.4
MW305586	GII.4
MW305587	GII.4
FJ411169	GII.4
MW305589	GII.4
MW305661	GII.4
MW305655	GII.4
MW305656	GII.4
MW305590	GII.4
MW305662	GII.4
JQ478407	GII.4
KC013592	GII.4
KJ407076	GII.4
MF140666	GII.4
MF140665	GII.4
MF140667	GII.4
PP525327	GII.4
KF806500	GII.4
KF806497	GII.4
KF806499	GII.4
EU876888	GII.4
GQ845368	GII.4
MT742777	GII.4
MT774555	GII.4
MN400355	GII.4
MT735394	GII.4
FJ411171	GII.4
FJ411172	GII.4
GQ413969	GII.4
MW305521	GII.4
MW305524	GII.4
MW305525	GII.4
MW305539	GII.4
MW305545	GII.4
EU876882	GII.4
EU876884	GII.4
KR131770	GII.4
KR131768	GII.4
KM025143	GII.4
KR131764	GII.4
KJ144961	GII.4
KJ144980	GII.4
KR131771	GII.4
GQ845369	GII.4
GQ850882	GII.4
JX459596	GII.4
LC122781	GII.4
FJ538900	GII.4
JQ478408	GII.4
JX445152	GII.4
JX126913	GII.4
EF202567	GII.4
JQ798158	GII.4
JQ965810	GII.4
JQ320073	GII.4
FJ411170	GII.4
PV282521	GII.4
HM747947	GII.4
HM747948	GII.4
KF806528	GII.4
KF806526	GII.4
KF806525	GII.4
KF806523	GII.4
KF806506	GII.4
KF806524	GII.4
KF806516	GII.4
AB933728	GII.4
LC122765	GII.4
LC122770	GII.4
LC122769	GII.4
LC122768	GII.4
LC122766	GII.4
LC122767	GII.4
LC122772	GII.4
LC122771	GII.4
LC016599	GII.4
LC016601	GII.4
LC016603	GII.4
LC016606	GII.4
LC016600	GII.4
LC016607	GII.4
LC016604	GII.4
LC016605	GII.4
LC016602	GII.4
HM802555	GII.4
HM802546	GII.4
HM802547	GII.4
HM802553	GII.4
HM802554	GII.4
DQ419908	GII.4
GU350225	GII.4
EU839586	GII.4
EU839585	GII.4
EU839581	GII.4
HM802550	GII.4
HM802551	GII.4
EU839583	GII.4
DQ419907	GII.4
EU839587	GII.4
HM802552	GII.4
EU839582	GII.4
HM802548	GII.4
HM802549	GII.4
PP512968	GII.4
OK376714	GII.4
OL824949	GII.4
OR051927	GII.4
KX514237	GII.4
KX514337	GII.4
KX514275	GII.4
KX514315	GII.4
KX514346	GII.4
KX514360	GII.4
KX514364	GII.4
KX514363	GII.4
KX514355	GII.4
KX514365	GII.4
KX514356	GII.4
KX514357	GII.4
KX514171	GII.4
KX514369	GII.4
KX514185	GII.4
KX514187	GII.4
KX514190	GII.4
KX514265	GII.4
KX514352	GII.4
KX514354	GII.4
KX514212	GII.4
KX514351	GII.4
KX514291	GII.4
KX514235	GII.4
KX514234	GII.4
KX514353	GII.4
KX514232	GII.4
KX514358	GII.4
KX514359	GII.4
KX514301	GII.4
KX514367	GII.4
KX514242	GII.4
KX514266	GII.4
KX514366	GII.4
KX514361	GII.4
KX514362	GII.4
KX514334	GII.4
KX514340	GII.4
KX514331	GII.4
JF713047	GII.4
JF713049	GII.4
GQ856448	GII.4
KM198539	GII.4
JQ613507	GII.4
KT152148	GII.4
EU876895	GII.4
JN899246	GII.4
EU839589	GII.4
JN400601	GII.4
JN400600	GII.4
JN400605	GII.4
JN400610	GII.4
JN400615	GII.4
KJ144942	GII.4
GQ845024	GII.4
GQ849128	GII.4
JX459628	GII.4
KM245071	GII.4
HQ456338	GII.4
HQ456336	GII.4
KJ144974	GII.4
KJ144953	GII.4
KJ144954	GII.4
JX459600	GII.4
JX459615	GII.4
JX459604	GII.4
JX459603	GII.4
JX459602	GII.4
JX459608	GII.4
JX459613	GII.4
JX459616	GII.4
PX475759	GII.4
LC005705	GII.4
EF684915	GII.4
HM802532	GII.4
HM802533	GII.4
KM245070	GII.4
HQ456329	GII.4
JN400612	GII.4
JN400609	GII.4
HM802529	GII.4
HM802530	GII.4
HM802537	GII.4
HM802538	GII.4
HM802527	GII.4
HM802536	GII.4
HM802525	GII.4
HQ456328	GII.4
HM802528	GII.4
GQ266695	GII.4
MW305546	GII.4
MW305515	GII.4
MW305543	GII.4
JX459641	GII.4
LC122773	GII.4
AB291542	GII.4
AB933650	GII.4
JQ613509	GII.4
MH540349	GII.4
GQ845312	GII.4
JQ613521	GII.4
JQ613522	GII.4
MH540348	GII.4
GQ845317	GII.4
GQ845322	GII.4
MH540347	GII.4
KJ144938	GII.4
MF140652	GII.4
MF140653	GII.4
MF140654	GII.4
JQ613512	GII.4
KJ144997	GII.4
KJ145003	GII.4
KJ144943	GII.4
KJ144963	GII.4
KJ144971	GII.4
KJ144982	GII.4
KJ144970	GII.4
KJ144988	GII.4
KJ144956	GII.4
ON116949	GII.4
ON116956	GII.4
JQ911595	GII.4
KC175355	GII.4
KC409245	GII.4
KC175344	GII.4
KC175372	GII.4
KC175399	GII.4
KC409246	GII.4
KC409238	GII.4
KM198557	GII.4
KC409315	GII.4
KC409318	GII.4
KC409288	GII.4
KC409293	GII.4
KC409297	GII.4
KC175398	GII.4
KC175396	GII.4
KC175379	GII.4
KC175374	GII.4
KM198584	GII.4
KC409260	GII.4
KC175343	GII.4
KM198527	GII.4
KC175381	GII.4
KC409294	GII.4
MW363187	GII.4
GQ845341	GII.4
JX459623	GII.4
JX459624	GII.4
HQ456324	GII.4
JN400604	GII.4
JN400611	GII.4
JN400607	GII.4
MW363180	GII.4
MG546825	GII.4
MG546826	GII.4
MG546830	GII.4
MG546831	GII.4
MG546829	GII.4
MG546839	GII.4
MG546855	GII.4
JX445160	GII.4
PQ213803	GII.4
KX354089	GII.4
KX354087	GII.4
KX354088	GII.4
KX354072	GII.4
HQ456343	GII.4
KC810026	GII.4
KC810028	GII.4
JN183166	GII.4
JQ613525	GII.4
GQ246799	GII.4
KX354090	GII.4
KX353974	GII.4
KX608854	GII.4
KC576912	GII.4
MZ291634	GII.4
KX608867	GII.4
MW661247	GII.4
KX354084	GII.4
JX445155	GII.4
JX445158	GII.4
JN400608	GII.4
JN400613	GII.4
GQ856451	GII.4
JQ622197	GII.4
GQ856449	GII.4
GQ856450	GII.4
HQ456327	GII.4
JX459617	GII.4
JX459618	GII.4
AB668028	GII.4
JQ613510	GII.4
JX445159	GII.4
HM802539	GII.4
JN400606	GII.4
JN400614	GII.4
JX459606	GII.4
HQ456330	GII.4
JQ613513	GII.4
GQ845329	GII.4
GQ856452	GII.4
GQ856446	GII.4
GU991353	GII.4
OL336327	GII.4
MF140681	GII.4
MF140683	GII.4
JN400616	GII.4
JN400626	GII.4
AB933724	GII.4
LC005708	GII.4
JX459636	GII.4
KX353956	GII.4
EU839590	GII.4
GQ856456	GII.4
GQ856447	GII.4
JX459632	GII.4
JX445162	GII.4
KX353947	GII.4
GQ856455	GII.4
AB665364	GII.4
GQ856457	GII.4
AB933682	GII.4
JX439880	GII.4
JX459639	GII.4
JX644025	GII.4
JX644029	GII.4
KJ541743	GII.4
MG548737	GII.4
AB933685	GII.4
EU839592	GII.4
LC122776	GII.4
AB933712	GII.4
GQ856458	GII.4
GQ856454	GII.4
GQ856453	GII.4
GQ856461	GII.4
GQ856445	GII.4
AB933701	GII.4
AB933698	GII.4
AB933723	GII.4
AB933725	GII.4
AB933722	GII.4
LC005714	GII.4
LC122780	GII.4
AB933721	GII.4
AB933726	GII.4
AB933706	GII.4
AB933718	GII.4
GQ856459	GII.4
EU839595	GII.4
EU839594	GII.4
JQ613518	GII.4
GQ845366	GII.4
GQ856460	GII.4
JX644030	GII.4
LC122779	GII.4
AB933692	GII.4
AB663684	GII.4
KT033904	GII.4
AB933673	GII.4
AB629942	GII.4
AB933679	GII.4
AB933693	GII.4
PV087408	GII.4
PQ208313	GII.4
KX354091	GII.4
KX354076	GII.4
KX354077	GII.4
MT729788	GII.4
PQ208318	GII.4
JX459607	GII.4
JX459621	GII.4
EU876883	GII.4
EU876886	GII.4
GQ266690	GII.4
JQ613517	GII.4
KC810031	GII.4
EU876894	GII.4
JX445157	GII.4
JQ613511	GII.4
JX459612	GII.4
HQ456322	GII.4
KM245069	GII.4
KC792278	GII.4
MW305567	GII.4
MW305568	GII.4
PV241703	GII.4
KC736564	GII.4
MW305565	GII.4
KC736563	GII.4
JX459599	GII.4
PQ207926	GII.4
KX608868	GII.4
KF429779	GII.4
JX459595	GII.4
JX445153	GII.4
LC122782	GII.4
JX459597	GII.4
MH413070	GII.4
HM802542	GII.4
HM802543	GII.4
JX445154	GII.4
HM802541	GII.4
HM802540	GII.4
HM802544	GII.4
HQ456320	GII.4
JX459598	GII.4
HQ456321	GII.4
HM802545	GII.4
EU839584	GII.4
JN400599	GII.4
KC715794	GII.4
EU876890	GII.4
JF827296	GII.4
EF202568	GII.4
EU916955	GII.4
EU916960	GII.4
KU182476	GII.4
KU182479	GII.4
KU182477	GII.4
KU182481	GII.4
KU182480	GII.4
KU182482	GII.4
KU182478	GII.4
KU182483	GII.4
EU916957	GII.4
EU916959	GII.4
EU916961	GII.4
EU916958	GII.4
HQ008056	GII.4
KP784692	GII.4
GQ845345	GII.4
KR904207	GII.4
KR904209	GII.4
AB933757	GII.4
JQ613537	GII.4
JQ613538	GII.4
KR904234	GII.4
KR904210	GII.4
KR904211	GII.4
AB933744	GII.4
AB933753	GII.4
MH746821	GII.4
JX459900	GII.4
KF712502	GII.4
KF429776	GII.4
KF712495	GII.4
KF429790	GII.4
PX732951	GII.4
KX608856	GII.4
PX732976	GII.4
PX732987	GII.4
MW581004	GII.4
MW581006	GII.4
MW581005	GII.4
MW581007	GII.4
MW581008	GII.4
MW581009	GII.4
MW581010	GII.4
MW581011	GII.4
MW581012	GII.4
PV232415	GII.4
OR700747	GII.4
PQ218943	GII.4
PQ218944	GII.4
PV232416	GII.4
PV223402	GII.4
PQ207944	GII.4
PQ207945	GII.4
PV275062	GII.4
PV275066	GII.4
PV266775	GII.4
PV266776	GII.4
PV232427	GII.4
PV232426	GII.4
OR700741	GII.4
PV275064	GII.4
PV275065	GII.4
PV275063	GII.4
PV275067	GII.4
PV232425	GII.4
PV232422	GII.4
PV232423	GII.4
PV232417	GII.4
PV232418	GII.4
PV232419	GII.4
PV232420	GII.4
PV232424	GII.4
PV223444	GII.4
PV232421	GII.4
LC122788	GII.4
MT362917	GII.4
KR904220	GII.4
KF060068	GII.4
KF060075	GII.4
KF060093	GII.4
KF060094	GII.4
KF060101	GII.4
KF060108	GII.4
JX459658	GII.4
KX353982	GII.4
KX353983	GII.4
KF060098	GII.4
KF060079	GII.4
KF060022	GII.4
KF060100	GII.4
PX732919	GII.4
KX608857	GII.4
KF429766	GII.4
KC695790	GII.4
KX354074	GII.4
PX732952	GII.4
PX732916	GII.4
PX732927	GII.4
KP244317	GII.4
PX733006	GII.4
PX732999	GII.4
PX732981	GII.4
PX732998	GII.4
PX732992	GII.4
PX733014	GII.4
PX732994	GII.4
PX733003	GII.4
PX732983	GII.4
PX732966	GII.4
PX732973	GII.4
PX732970	GII.4
PX732982	GII.4
PX732991	GII.4
PX733000	GII.4
PX733038	GII.4
PX733017	GII.4
JQ613534	GII.4
KF060011	GII.4
JQ613549	GII.4
JQ613553	GII.4
KF060055	GII.4
HM635103	GII.4
JX439829	GII.4
MF140649	GII.4
MF140650	GII.4
MF140651	GII.4
JX459656	GII.4
JQ613552	GII.4
KF060016	GII.4
KR904213	GII.4
JX644038	GII.4
PP518037	GII.4
KX354092	GII.4
KX354062	GII.4
KF059998	GII.4
AB933734	GII.4
KF060032	GII.4
JQ613554	GII.4
KF060109	GII.4
PX733015	GII.4
LC122785	GII.4
LC122787	GII.4
PX732956	GII.4
PV258475	GII.4
HM191773	GII.4
HQ005296	GII.4
HQ005294	GII.4
HQ005298	GII.4
AB933747	GII.4
KC409301	GII.4
KC175380	GII.4
KC175384	GII.4
KC409243	GII.4
JX459640	GII.4
JX439875	GII.4
JX459645	GII.4
JX459646	GII.4
JX459647	GII.4
JX459650	GII.4
JQ613560	GII.4
KM198488	GII.4
KC175383	GII.4
KX354051	GII.4
KX354054	GII.4
JX445169	GII.4
KF060082	GII.4
KF060002	GII.4
JX445168	GII.4
PX732918	GII.4
PX732960	GII.4
PX732930	GII.4
PX732953	GII.4
JN400623	GII.4
PQ214837	GII.4
MF140695	GII.4
MF140697	GII.4
KC810029	GII.4
KR131775	GII.4
KX608855	GII.4
MF140670	GII.4
KF768470	GII.4
KF768471	GII.4
MW363191	GII.4
KC695797	GII.4
KF768522	GII.4
MF140690	GII.4
MF140692	GII.4
KR131772	GII.4
JX445161	GII.4
GQ246795	GII.4
HQ009513	GII.4
HM635155	GII.4
MN502841	GII.4
KF429792	GII.4
KF712493	GII.4
KF712494	GII.4
JQ613529	GII.4
JX439827	GII.4
HM635101	GII.4
JX448566	GII.4
GU390902	GII.4
KM245072	GII.4
GQ246796	GII.4
KF060124	GII.4
OR262329	GII.4
OR262341	GII.4
OR262342	GII.4
OR262343	GII.4
OR262344	GII.4
OR262328	GII.4
PP658551	GII.4
PP658552	GII.4
PV275054	GII.4
PV275043	GII.4
PV275056	GII.4
LC769681	GII.4
LC769701	GII.4
OR262326	GII.4
OR262327	GII.4
PV611447	GII.4
PV611449	GII.4
OR262325	GII.4
MW506848	GII.4
MW506847	GII.4
MW506849	GII.4
PZ098697	GII.4
PZ098698	GII.4
PZ098694	GII.4
PZ098696	GII.4
PV275070	GII.4
PV275068	GII.4
PV275069	GII.4
PV275058	GII.4
PV275047	GII.4
PV275048	GII.4
PV275050	GII.4
PZ098699	GII.4
PV275060	GII.4
PV275049	GII.4
PV275059	GII.4
PV275057	GII.4
PV275046	GII.4
PV275055	GII.4
PV275045	GII.4
PV275041	GII.4
PV275051	GII.4
PV275061	GII.4
PV275052	GII.4
PV275042	GII.4
PV275044	GII.4
PV275053	GII.4
PV275040	GII.4
PX733026	GII.4
MK753028	GII.4
KY947547	GII.4
MN294753	GII.4
MH218669	GII.4
KY947546	GII.4
MK762724	GII.4
LC122829	GII.4
LC122830	GII.4
KX354055	GII.4
PX732937	GII.4
PX732955	GII.4
KF008240	GII.4
PQ219040	GII.4
MN308005	GII.4
MN308019	GII.4
MN308008	GII.4
MN308022	GII.4
MH218626	GII.4
MH218701	GII.4
MN308017	GII.4
MT474043	GII.4
PQ207947	GII.4
MT221660	GII.4
KX354029	GII.4
MN703761	GII.4
KX354106	GII.4
KX354112	GII.4
PX733022	GII.4
OL898508	GII.4
PQ218467	GII.4
PQ218468	GII.4
OP205547	GII.4
OP205548	GII.4
KY421039	GII.4
PQ207924	GII.4
MT474034	GII.4
PQ218469	GII.4
MW009071	GII.4
PQ207927	GII.4
KX354009	GII.4
MT474049	GII.4
KF668569	GII.4
PV282507	GII.4
PV282525	GII.4
PX732978	GII.4
KX354047	GII.4
MW305617	GII.4
LC122828	GII.4
MN307994	GII.4
MN308010	GII.4
MW305621	GII.4
MW305626	GII.4
MT474044	GII.4
PQ213802	GII.4
KX354031	GII.4
KF059999	GII.4
OQ721904	GII.4
KF509946	GII.4
KF060030	GII.4
KF060056	GII.4
MK070152	GII.4
MH218706	GII.4
MH218622	GII.4
PX733046	GII.4
PX733087	GII.4
KJ533133	GII.4
KM258129	GII.4
LC122826	GII.4
LC005728	GII.4
KC456073	GII.4
MK614062	GII.4
KJ955493	GII.4
KY679173	GII.4
KM268103	GII.4
LC018707	GII.4
MZ026933	GII.4
MW305680	GII.4
LC373449	GII.4
LC720170	GII.4
KF060131	GII.4
PX733068	GII.4
KF145149	GII.4
KF177430	GII.4
KF177434	GII.4
KF177436	GII.4
MK213511	GII.4
KU687027	GII.4
OL898511	GII.4
LC177659	GII.4
LC177660	GII.4
MN502903	GII.4
KY407087	GII.4
KY407092	GII.4
MH218707	GII.4
KJ716363	GII.4
KP176405	GII.4
KX354105	GII.4
MK753019	GII.4
OR844372	GII.4
PQ207941	GII.4
OR844375	GII.4
KJ451059	GII.4
LC122818	GII.4
KY407032	GII.4
OR844376	GII.4
OR844377	GII.4
KP698926	GII.4
MN307999	GII.4
MN308000	GII.4
KM514076	GII.4
KP096344	GII.4
KP241905	GII.4
MZ546180	GII.4
LC597114	GII.4
LC597116	GII.4
LC597130	GII.4
KY407054	GII.4
KU678204	GII.4
KY407026	GII.4
KY407061	GII.4
KY407060	GII.4
KY407063	GII.4
KJ433970	GII.4
LC122820	GII.4
MH218615	GII.4
LC122801	GII.4
KM268088	GII.4
KJ716365	GII.4
KJ678138	GII.4
KJ678142	GII.4
KJ678140	GII.4
KJ678137	GII.4
KJ678150	GII.4
KJ678147	GII.4
KJ678148	GII.4
KC631827	GII.4
MF140671	GII.4
KP241909	GII.4
KY628449	GII.4
LC122802	GII.4
KY407169	GII.4
KJ716361	GII.4
KJ196281	GII.4
LC122812	GII.4
MH218715	GII.4
LC720175	GII.4
LC744872	GII.4
LC744875	GII.4
LC744877	GII.4
LC122793	GII.4
LC122800	GII.4
KM268084	GII.4
LC122792	GII.4
PX733030	GII.4
PX733059	GII.4
PX733050	GII.4
PX733085	GII.4
PX733084	GII.4
KX354104	GII.4
PX733058	GII.4
PX733064	GII.4
MW363194	GII.4
MH218705	GII.4
MH218709	GII.4
MH218708	GII.4
MH218694	GII.4
MH218711	GII.4
KC175323	GII.4
KF060027	GII.4
KJ955492	GII.4
LC122790	GII.4
PX733007	GII.4
LC122798	GII.4
KJ196279	GII.4
JX629458	GII.4
KX354004	GII.4
LC122809	GII.4
KJ196280	GII.4
PX733016	GII.4
PX732996	GII.4
PX732975	GII.4
PX732986	GII.4
PX733004	GII.4
PX733009	GII.4
PX733011	GII.4
OL898510	GII.4
KT780375	GII.4
LC720172	GII.4
LC122803	GII.4
LC122823	GII.4
MH702270	GII.4
MH702274	GII.4
KT202796	GII.4
KM982946	GII.4
KT780378	GII.4
KY406996	GII.4
KM268107	GII.4
KT780381	GII.4
MG733284	GII.4
MG733285	GII.4
PQ557605	GII.4
PP658553	GII.4
PQ507184	GII.4
LC848170	GII.4
LC848168	GII.4
LC848169	GII.4
MF140639	GII.4
MF140640	GII.4
OP727611	GII.4
KY407149	GII.4
KT780388	GII.4
PQ557603	GII.4
PQ557604	GII.4
MN308012	GII.4
OR793074	GII.4
LC421227	GII.4
LC390332	GII.4
LC421228	GII.4
PZ240513	GII.4
OP727612	GII.4
OP727613	GII.4
MW521106	GII.4
MW521107	GII.4
MW521110	GII.4
MW521114	GII.4
PQ243256	GII.4
MK907796	GII.4
PQ207936	GII.4
MK907797	GII.4
MZ546176	GII.4
MH218632	GII.4
MH218629	GII.4
MH218628	GII.4
LC066046	GII.4
KP096348	GII.4
MH469169	GII.4
KY407051	GII.4
KY407028	GII.4
KY407040	GII.4
PX733061	GII.4
MH218638	GII.4
MH218674	GII.4
OP727609	GII.4
OP727610	GII.4
MZ546177	GII.4
MZ546178	GII.4
KU678205	GII.4
OP595538	GII.4
MW521100	GII.4
MW521108	GII.4
KY407070	GII.4
KY407073	GII.4
KY407131	GII.4
KY407119	GII.4
KY407075	GII.4
PP498989	GII.4
PP498986	GII.4
PP498988	GII.4
MW521125	GII.4
MW521128	GII.4
MW521116	GII.4
MW521119	GII.4
MW521121	GII.4
OP412418	GII.4
OR084258	GII.4
MW521118	GII.4
MW521124	GII.4
MW521120	GII.4
PX458526	GII.4
OP412419	GII.4
PX458561	GII.4
PX458546	GII.4
PX458520	GII.4
KY407069	GII.4
KY407102	GII.4
MZ026984	GII.4
LC885326	GII.4
MN502973	GII.4
MZ027029	GII.4
MZ026944	GII.4
MZ026935	GII.4
MN502971	GII.4
KY407105	GII.4
KY407140	GII.4
MH469185	GII.4
KY407104	GII.4
KY407138	GII.4
KY407143	GII.4
KY407144	GII.4
MN525214	GII.4
MZ026934	GII.4
MN502930	GII.4
MH229942	GII.4
OR084259	GII.4
OR084260	GII.4
MH469205	GII.4
OR084261	GII.4
MW981327	GII.4
LC645997	GII.4
PQ740343	GII.4
PQ740345	GII.4
PQ740342	GII.4
PQ740339	GII.4
PQ740340	GII.4
LC699529	GII.4
LC699532	GII.4
LC699536	GII.4
LC699535	GII.4
LC699537	GII.4
LC644993	GII.4
LC699533	GII.4
LC699534	GII.4
OR844380	GII.4
OR844379	GII.4
OR844381	GII.4
OR793076	GII.4
MH469184	GII.4
MK213524	GII.4
LC726078	GII.4
LC699541	GII.4
LC790054	GII.4
LC798012	GII.4
LC798022	GII.4
MH469202	GII.4
KY679171	GII.4
OR084257	GII.4
OM372481	GII.4
OM372477	GII.4
OM372682	GII.4
OM372478	GII.4
OM373317	GII.4
MH229930	GII.4
MH229932	GII.4
MH229939	GII.4
OR084262	GII.4
MH229941	GII.4
KX657734	GII.4
OP205579	GII.4
MW661281	GII.4
LC744880	GII.4
LC744881	GII.4
KX657723	GII.4
KU678202	GII.4
KX657735	GII.4
KX657729	GII.4
KX657726	GII.4
MH979230	GII.4
LC798039	GII.4
LC798041	GII.4
MH469193	GII.4
KY679165	GII.4
KY679163	GII.4
KY679162	GII.4
KY679169	GII.4
KY679168	GII.4
MG214988	GII.4
OP595539	GII.4
MH229940	GII.4
MN588299	GII.4
MN764311	GII.4
MN764313	GII.4
MW521112	GII.4
MW521115	GII.4
OM372490	GII.4
PQ507178	GII.4
PQ507179	GII.4
PQ507170	GII.4
PQ507177	GII.4
OL336349	GII.4
OL336350	GII.4
OP595535	GII.4
MT158858	GII.4
MT158859	GII.4
LC699538	GII.4
LC798007	GII.4
LC699540	GII.4
LC726075	GII.4
OQ451912	GII.4
OQ451911	GII.4
OQ451913	GII.4
OQ451924	GII.4
OQ451910	GII.4
OQ451906	GII.4
OQ451923	GII.4
OQ451908	GII.4
OQ451921	GII.4
OQ451922	GII.4
OQ451909	GII.4
OQ451914	GII.4
MN588302	GII.4
OQ451917	GII.4
OQ451919	GII.4
MN588307	GII.4
OM372479	GII.4
OM372476	GII.4
MN588300	GII.4
MN588304	GII.4
MN588305	GII.4
OR793078	GII.4
MN897754	GII.4
MZ026972	GII.4
MK928499	GII.4
MK928497	GII.4
MK928498	GII.4
OR084263	GII.4
OR084264	GII.4
OR793079	GII.4
OR844378	GII.4
OM372672	GII.4
OM372480	GII.4
OM373210	GII.4
OM373654	GII.4
OM373532	GII.4
OM373200	GII.4
OM386814	GII.4
OL336348	GII.4
MZ027000	GII.4
PQ740346	GII.4
OL336351	GII.4
OM373207	GII.4
LC699527	GII.4
LC699530	GII.4
OM373624	GII.4
OM373643	GII.4
OM386670	GII.4
OM372485	GII.4
OM386843	GII.4
LC790052	GII.4
LC798258	GII.4
LC645998	GII.4
OK148516	GII.4
OP595534	GII.4
LC726073	GII.4
LC699526	GII.4
LC645995	GII.4
LC699528	GII.4
LC699531	GII.4
MZ376651	GII.4
MW284781	GII.4
MW284782	GII.4
MF140641	GII.4
MF140643	GII.4
MF140644	GII.4
PX732989	GII.4
PX732972	GII.4
PX733012	GII.4
PX733001	GII.4
KT780389	GII.4
PX733045	GII.4
PX733066	GII.4
PX733037	GII.4
OP205530	GII.4
MH218652	GII.4
MH218691	GII.4
MH218665	GII.4
MH218670	GII.4
PQ219041	GII.4
MN248518	GII.4
KY905331	GII.4
MK213536	GII.4
MK789434	GII.4
MK789436	GII.4
OP205539	GII.4
OP205527	GII.4
PP576343	GII.4
OP727607	GII.4
OP727606	GII.4
OP727608	GII.4
OP727605	GII.4
LC177658	GII.4
MH218607	GII.4
OM980240	GII.4
MH218612	GII.4
MN248513	GII.4
PX733088	GII.4
PX733089	GII.4
PX733083	GII.4
PX733072	GII.4
PQ207925	GII.4
PQ218786	GII.4
MT725762	GII.4
MT362913	GII.4
MT362912	GII.4
MW009070	GII.4
PQ215579	GII.4
MK762561	GII.4
PQ207919	GII.4
PQ207920	GII.4
PQ207918	GII.4
PQ207946	GII.4
PQ207921	GII.4
PX458521	GII.4
OR477993	GII.4
MT026582	GII.4
PQ213801	GII.4
PQ207940	GII.4
PQ214833	GII.4
PQ195915	GII.4
PQ195914	GII.4
PQ195916	GII.4
OP412384	GII.4
OP412385	GII.4
OP412386	GII.4
PQ215578	GII.4
PQ213804	GII.4
PQ207930	GII.4
PQ208315	GII.4
PQ208325	GII.4
PQ208326	GII.4
PQ208324	GII.4
PQ208317	GII.4
PZ239816	GII.4
PZ098693	GII.4
PZ098690	GII.4
PZ098687	GII.4
PZ098689	GII.4
PQ195885	GII.4
PQ195886	GII.4
PQ195883	GII.4
PQ195884	GII.4
PQ195945	GII.4
PQ195942	GII.4
PQ195947	GII.4
PQ195946	GII.4
PQ195948	GII.4
PQ195949	GII.4
PQ207916	GII.4
PQ207917	GII.4
KF668567	GII.4
KF668568	GII.4
PQ215575	GII.4
PX733034	GII.4
MH218609	GII.4
MH218619	GII.4
MH218613	GII.4
MH218611	GII.4
MH218610	GII.4
MH218633	GII.4
MK073889	GII.4
MK762622	GII.4
OL898516	GII.4
MK762623	GII.4
MH702266	GII.4
MH188080	GII.4
MG002632	GII.4
MG002634	GII.4
MH218710	GII.4
MH218606	GII.4
MH218716	GII.4
MH218718	GII.4
MH218714	GII.4
MH218695	GII.4
MH218713	GII.4
MH218704	GII.4
MH218698	GII.4
MH218703	GII.4
MW559994	GII.4
MW559991	GII.4
MW559993	GII.4
PQ207948	GII.4
PQ207931	GII.4
PQ207932	GII.4
OM980238	GII.4
OM980239	GII.4
PQ208314	GII.4
PQ195913	GII.4
PQ195940	GII.4
PQ195880	GII.4
KP784697	GII.4
MW019959	GII.4
MW045404	GII.4
MW019956	GII.4
PV611446	GII.4
MW019620	GII.4
MW019621	GII.4
MW019622	GII.4
MW019957	GII.4
MW045405	GII.4
MW019619	GII.4
MW019958	GII.4
PQ207933	GII.4
MW559992	GII.4
PZ098701	GII.4
PQ732757	GII.4
PQ213438	GII.4
PQ213434	GII.4
MT028542	GII.4
PX694702	GII.4
PX694701	GII.4
PX694704	GII.4
PX694703	GII.4
PZ098695	GII.4
KY424331	GII.4
KF145148	GII.4
KF944259	GII.4
KF060137	GII.4
KF060136	GII.4
KR904224	GII.4
KR904222	GII.4
KR904223	GII.4
KR904228	GII.4
KR131783	GII.4
KF378731	GII.4
MW725361	GII.4
MW725358	GII.4
MG002633	GII.4
MW661283	GII.4
MH922876	GII.4
MK754446	GII.4
MN897755	GII.4
MT031821	GII.4
PQ195891	GII.4
PQ195893	GII.4
PQ195882	GII.4
PQ215577	GII.4
PQ209094	GII.4
PQ207929	GII.4
MZ958411	GII.4
KY887604	GII.4
MH218684	GII.4
NC_039477	GII.4
KY887600	GII.4
PV746278	GII.4
PV746276	GII.4
PV746277	GII.4
MT344179	GII.4
MT238666	GII.4
MK762566	GII.4
MK073885	GII.4
MK756037	GII.4
MK773584	GII.4
MK756038	GII.4
OL898515	GII.4
KY887602	GII.4
KY887603	GII.4
MK753018	GII.4
PV282519	GII.4
MH260482	GII.4
MG002630	GII.4
MW661261	GII.4
MK752933	GII.4
MK752934	GII.4
MK762563	GII.4
MK073890	GII.4
OL898514	GII.4
MK753029	GII.4
MG892929	GII.4
KY210980	GII.4
MK764018	GII.4
PQ213435	GII.4
KX354141	GII.4
MK754442	GII.4
KX354142	GII.4
MK753030	GII.4
MZ478139	GII.4
MK762637	GII.4
MK762568	GII.4
PX733086	GII.4
PX733076	GII.4
PX733094	GII.4
PX733090	GII.4
MW305558	GII.4
MW305632	GII.4
MW305633	GII.4
MK756035	GII.4
MW305637	GII.4
MW305560	GII.4
KY947550	GII.4
KX907727	GII.4
LC175468	GII.4
MZ026959	GII.4
KX764834	GII.4
MN503061	GII.4
KX764833	GII.4
MZ026951	GII.4
MZ026966	GII.4
MN502927	GII.4
KY887605	GII.4
MH260508	GII.4
MH260496	GII.4
MH260505	GII.4
MN525275	GII.4
MN525276	GII.4
MK764015	GII.4
OP205549	GII.4
OP457002	GII.4
OP456999	GII.4
OP457001	GII.4
MK764013	GII.4
MT537605	GII.4
MT238668	GII.4
MT344180	GII.4
MT537633	GII.4
MT238667	GII.4
MT238670	GII.4
MK752943	GII.4
MK753017	GII.4
MK213544	GII.4
LC325217	GII.4
LC331997	GII.4
OP595531	GII.4
OP595532	GII.4
OP595533	GII.4
OL898512	GII.4
MK762621	GII.4
MH260489	GII.4
MH260491	GII.4
MH260498	GII.4
MH260483	GII.4
MH260485	GII.4
MH279823	GII.4
MH260497	GII.4
MH260488	GII.4
MH260480	GII.4
MH260481	GII.4
KY679170	GII.4
MK762632	GII.4
MN782359	GII.4
MH791994	GII.4
MW305708	GII.4
OP205582	GII.4
MN996299	GII.4
MW521113	GII.4
OP205553	GII.4
MZ026992	GII.4
PX458543	GII.4
PX458554	GII.4
MK213545	GII.4
MK213546	GII.4
MW305723	GII.4
MK762636	GII.4
OP518601	GII.4
OP456985	GII.4
OP456987	GII.4
PX458544	GII.4
OP457003	GII.4
OP457004	GII.4
OP457005	GII.4
OP205571	GII.4
OP205563	GII.4
OP205564	GII.4
OP457000	GII.4
OP205573	GII.4
OP456991	GII.4
PQ273186	GII.4
MW661264	GII.4
OR794161	GII.4
OR794207	GII.4
LC769705	GII.4
MT029316	GII.4
MW661279	GII.4
MW661280	GII.4
PQ195943	GII.4
PQ195919	GII.4
PQ195921	GII.4
LC769708	GII.4
LC645996	GII.4
LC798257	GII.4
PQ209095	GII.4
PP512758	GII.4
PQ195927	GII.4
PQ195928	GII.4
MW725362	GII.4
MW725360	GII.4
MW726099	GII.4
MW709580	GII.4
MW711339	GII.4
MW703835	GII.4
LC769699	GII.4
MW709586	GII.4
MW709588	GII.4
LC769693	GII.4
MW711338	GII.4
MW711330	GII.4
MW725359	GII.4
MW711331	GII.4
OP456995	GII.4
MW709577	GII.4
MW709582	GII.4
LC769683	GII.4
LC769684	GII.4
MW709578	GII.4
MW709590	GII.4
MW709581	GII.4
MW711336	GII.4
MW709579	GII.4
LC777250	GII.4
LC790059	GII.4
LC790060	GII.4
LC790069	GII.4
PQ097900	GII.4
PX458507	GII.4
PX458529	GII.4
PQ119970	GII.4
OR794162	GII.4
PX458478	GII.4
PX458523	GII.4
PQ031233	GII.4
PZ098688	GII.4
PZ143330	GII.4
PV394770	GII.4
PX458503	GII.4
PX458512	GII.4
PV746275	GII.4
PZ189635	GII.4
PX458501	GII.4
PX458485	GII.4
PX458497	GII.4
PP564828	GII.4
PQ195908	GII.4
PP381831	GII.4
PP549885	GII.4
PX458481	GII.4
PX458495	GII.4
PP564834	GII.4
PX458494	GII.4
PZ240490	GII.4
PZ240503	GII.4
PP549876	GII.4
PP549879	GII.4
PX458518	GII.4
PX458517	GII.4
PX458489	GII.4
PX458510	GII.4
PX458515	GII.4
PX458509	GII.4
PX458500	GII.4
PX988163	GII.4
PX988164	GII.4
PX458483	GII.4
PZ208546	GII.4
PZ208547	GII.4
PZ251436	GII.4
PZ251435	GII.4
PX988162	GII.4
PX988159	GII.4
PX988160	GII.4
PX988161	GII.4
PQ214834	GII.4
PQ214835	GII.4
PQ214836	GII.4
PQ195918	GII.4
PQ195936	GII.4
PQ195938	GII.4
PQ195937	GII.4
LC790067	GII.4
OR700746	GII.4
PQ196514	GII.4
PQ195917	GII.4
PQ195952	GII.4
PQ195951	GII.4
PQ195929	GII.4
PQ195933	GII.4
PQ195930	GII.4
PQ195944	GII.4
PQ195934	GII.4
PQ195950	GII.4
PQ195923	GII.4
PQ195924	GII.4
PQ195925	GII.4
PQ196528	GII.4
PQ195887	GII.4
PQ195889	GII.4
PQ195899	GII.4
PQ195900	GII.4
PQ218567	GII.4
PQ218566	GII.4
PQ218568	GII.4
PQ195911	GII.4
PQ195912	GII.4
PQ195910	GII.4
PQ195922	GII.4
PQ196561	GII.4
PQ196562	GII.4
PQ196563	GII.4
PQ196560	GII.4
PQ196513	GII.4
PQ209098	GII.4
PQ196531	GII.4
PQ196538	GII.4
PQ196557	GII.4
PQ215526	GII.4
PQ209105	GII.4
PQ209108	GII.4
PQ196550	GII.4
PQ196555	GII.4
PQ196522	GII.4
PQ196554	GII.4
PQ196526	GII.4
PQ196527	GII.4
PQ195906	GII.4
PQ215540	GII.4
PQ196569	GII.4
PQ196545	GII.4
PQ215546	GII.4
PQ196548	GII.4
PQ215543	GII.4
ON329737	GII.4
MW521126	GII.4
MW521129	GII.4
PX458547	GII.4
PX458552	GII.4
PX458545	GII.4
PX458528	GII.4
PX458553	GII.4
PX458538	GII.4
PX458540	GII.4
PX458471	GII.4
PX458531	GII.4
MW521127	GII.4
MW521130	GII.4
OL336367	GII.4
OL336360	GII.4
OL336383	GII.4
OL336363	GII.4
OL336366	GII.4
OL336358	GII.4
PQ740361	GII.4
OQ940073	GII.4
OQ940072	GII.4
OQ940069	GII.4
PQ740362	GII.4
PZ240501	GII.4
OP712198	GII.4
PQ507174	GII.4
PQ507185	GII.4
OL336364	GII.4
OL336352	GII.4
OQ940071	GII.4
OL336365	GII.4
LC798003	GII.4
LC798004	GII.4
OL336386	GII.4
OL336384	GII.4
OQ940070	GII.4
OL336388	GII.4
OL336354	GII.4
OL336357	GII.4
OL336355	GII.4
OL336353	GII.4
OL336356	GII.4
OL336387	GII.4
PP267269	GII.4
OL336359	GII.4
OQ940079	GII.4
OQ940081	GII.4
OP037976	GII.4
OQ940077	GII.4
OQ940078	GII.4
OP037982	GII.4
OQ940080	GII.4
OQ940075	GII.4
OQ940076	GII.4
OP037980	GII.4
PP267272	GII.4
OP037983	GII.4
OL336361	GII.4
OL336362	GII.4
PP267275	GII.4
PQ475910	GII.4
PP658561	GII.4
PZ240507	GII.4
PQ507183	GII.4
PZ240485	GII.4
PZ240492	GII.4
PX988165	GII.4
PZ240471	GII.4
PZ240491	GII.4
PQ507171	GII.4
PQ740358	GII.4
PZ240494	GII.4
PZ240499	GII.4
