sample	VP1_type	reference	fragments	mean_depth	breadth_1x	breadth_5x
WW_only_filtered	GII.1	GROUP_GII_1|GII.1|MW305705|rep1	205	11.15	0.169776	0.169776
WW_only_filtered	GII.1	GROUP_GII_1|GII.1|OR397781|rep2	0	0.00	0.000000	0.000000
WW_only_filtered	GII.2	GROUP_GII_2|GII.2|MG746013|rep1	3469	229.91	0.744629	0.744629
WW_only_filtered	GII.3	GROUP_GII_3|GII.3|LC122751	364	37.94	0.613843	0.456588
WW_only_filtered	GII.3	GROUP_GII_3|GII.3|OP205585|rep2	0	0.00	0.000000	0.000000
WW_only_filtered	GII.4	GROUP_GII_4|GII.4|KM258129|rep1	1605	168.06	0.518792	0.365373
WW_only_filtered	GII.4	GROUP_GII_4|GII.4|PZ478196|rep2	19170	1813.55	1.000000	1.000000
WW_only_filtered	GII.5	GROUP_GII_5|GII.5|MZ265142|rep1	90	11.27	0.287123	0.274800
WW_only_filtered	GII.6	GROUP_GII_6|GII.6|LC373450|rep1	139	13.03	0.351582	0.351582
WW_only_filtered	GII.6	GROUP_GII_6|GII.6|PQ740335|rep2	0	0.00	0.000000	0.000000
WW_only_filtered	GII.7	GROUP_GII_7|GII.7|LC877024|rep1	820	80.51	1.000000	0.977203
WW_only_filtered	GII.8	GROUP_GII_8|GII.8|MW661257|rep1	0	0.00	0.000000	0.000000
WW_only_filtered	GII.9	GROUP_GII_9|GII.9|MZ312111|rep1	751	69.80	0.462825	0.436183
WW_only_filtered	GII.10	GROUP_GII_10|GII.10|OP609644|rep1	1	0.02	0.024287	0.000000
WW_only_filtered	GII.11	GROUP_GII_11|GII.11|PV769083|rep1	105	1.47	0.014599	0.014599
WW_only_filtered	GII.12	GROUP_GII_12|GII.12|GQ845370|rep1	0	0.00	0.000000	0.000000
WW_only_filtered	GII.13	GROUP_GII_13|GII.13|MW305678|rep1	54	5.23	0.381829	0.196440
WW_only_filtered	GII.14	GROUP_GII_14|GII.14|LC122881|rep1	0	0.00	0.000000	0.000000
WW_only_filtered	GII.16	GROUP_GII_16|GII.16|PV394762|rep1	0	0.00	0.000000	0.000000
WW_only_filtered	GII.17	GROUP_GII_17|GII.17|LC939687|rep1	16	0.52	0.032656	0.032656
WW_only_filtered	GII.17	GROUP_GII_17|GII.17|PX470709|rep2	995	108.58	0.988841	0.988841
WW_only_filtered	GII.18	GROUP_GII_18|GII.18|PV806863|rep1	0	0.00	0.000000	0.000000
WW_only_filtered	GII.20	GROUP_GII_20|GII.20|OP729310|rep1	1	0.01	0.011772	0.000000
WW_only_filtered	GII.21	GROUP_GII_21|GII.21|KX079488|rep1	18	0.21	0.023413	0.011707
WW_only_filtered	GII.22	GROUP_GII_22|GII.22|MG495082|rep1	402	4.69	0.014145	0.012915
WW_only_filtered	GII.23	GROUP_GII_23|GII.23|KY496328|rep1	2	0.02	0.024510	0.000000
WW_only_filtered	GII.24	GROUP_GII_24|GII.24|MG495081|rep1	0	0.00	0.000000	0.000000
WW_only_filtered	GII.25	GROUP_GII_25|GII.25|MG495083|rep1	10	0.12	0.012300	0.012300
WW_only_filtered	GII.26	GROUP_GII_26|GII.26|MF352142|rep1	0	0.00	0.000000	0.000000
WW_only_filtered	GII.27	GROUP_GII_27|GII.27|MK733205|rep1	0	0.00	0.000000	0.000000
WW_SMV_1_100_filtered	GII.1	GROUP_GII_1|GII.1|MW305705|rep1	784	29.61	0.628731	0.420398
WW_SMV_1_100_filtered	GII.1	GROUP_GII_1|GII.1|OR397781|rep2	12	0.60	0.329595	0.038006
WW_SMV_1_100_filtered	GII.2	GROUP_GII_2|GII.2|MG746013|rep1	102499	9182.31	1.000000	1.000000
WW_SMV_1_100_filtered	GII.3	GROUP_GII_3|GII.3|LC122751	404	24.26	0.846995	0.753491
WW_SMV_1_100_filtered	GII.3	GROUP_GII_3|GII.3|OP205585|rep2	0	0.00	0.000000	0.000000
WW_SMV_1_100_filtered	GII.4	GROUP_GII_4|GII.4|KM258129|rep1	713	68.89	0.814541	0.718423
WW_SMV_1_100_filtered	GII.4	GROUP_GII_4|GII.4|PZ478196|rep2	6662	644.66	1.000000	1.000000
WW_SMV_1_100_filtered	GII.5	GROUP_GII_5|GII.5|MZ265142|rep1	150	2.77	0.278497	0.164510
WW_SMV_1_100_filtered	GII.6	GROUP_GII_6|GII.6|LC373450|rep1	224	19.91	0.919708	0.734793
WW_SMV_1_100_filtered	GII.6	GROUP_GII_6|GII.6|PQ740335|rep2	57	5.32	0.747879	0.415152
WW_SMV_1_100_filtered	GII.7	GROUP_GII_7|GII.7|LC877024|rep1	590	52.21	1.000000	1.000000
WW_SMV_1_100_filtered	GII.8	GROUP_GII_8|GII.8|MW661257|rep1	0	0.00	0.000000	0.000000
WW_SMV_1_100_filtered	GII.9	GROUP_GII_9|GII.9|MZ312111|rep1	316	22.40	0.368030	0.311648
WW_SMV_1_100_filtered	GII.10	GROUP_GII_10|GII.10|OP609644|rep1	1002	23.48	0.167577	0.077717
WW_SMV_1_100_filtered	GII.11	GROUP_GII_11|GII.11|PV769083|rep1	792	10.95	0.015207	0.014599
WW_SMV_1_100_filtered	GII.12	GROUP_GII_12|GII.12|GQ845370|rep1	0	0.00	0.000000	0.000000
WW_SMV_1_100_filtered	GII.13	GROUP_GII_13|GII.13|MW305678|rep1	14	1.32	0.578269	0.055249
WW_SMV_1_100_filtered	GII.14	GROUP_GII_14|GII.14|LC122881|rep1	0	0.00	0.000000	0.000000
WW_SMV_1_100_filtered	GII.16	GROUP_GII_16|GII.16|PV394762|rep1	2	0.02	0.011707	0.000000
WW_SMV_1_100_filtered	GII.17	GROUP_GII_17|GII.17|LC939687|rep1	72	5.81	0.515712	0.262477
WW_SMV_1_100_filtered	GII.17	GROUP_GII_17|GII.17|PX470709|rep2	302	32.21	1.000000	0.951023
WW_SMV_1_100_filtered	GII.18	GROUP_GII_18|GII.18|PV806863|rep1	2	0.02	0.011350	0.000000
WW_SMV_1_100_filtered	GII.20	GROUP_GII_20|GII.20|OP729310|rep1	0	0.00	0.000000	0.000000
WW_SMV_1_100_filtered	GII.21	GROUP_GII_21|GII.21|KX079488|rep1	5	0.58	0.386938	0.000000
WW_SMV_1_100_filtered	GII.22	GROUP_GII_22|GII.22|MG495082|rep1	46	0.54	0.023370	0.011685
WW_SMV_1_100_filtered	GII.23	GROUP_GII_23|GII.23|KY496328|rep1	4	0.05	0.012868	0.000000
WW_SMV_1_100_filtered	GII.24	GROUP_GII_24|GII.24|MG495081|rep1	7	0.11	0.015961	0.015961
WW_SMV_1_100_filtered	GII.25	GROUP_GII_25|GII.25|MG495083|rep1	12	0.35	0.037515	0.028290
WW_SMV_1_100_filtered	GII.26	GROUP_GII_26|GII.26|MF352142|rep1	2	0.06	0.060773	0.000000
WW_SMV_1_100_filtered	GII.27	GROUP_GII_27|GII.27|MK733205|rep1	1	0.02	0.021446	0.000000
WW_SMV_1_10000_filtered	GII.1	GROUP_GII_1|GII.1|MW305705|rep1	344	33.19	0.682214	0.483831
WW_SMV_1_10000_filtered	GII.1	GROUP_GII_1|GII.1|OR397781|rep2	17	1.93	0.363863	0.201869
WW_SMV_1_10000_filtered	GII.2	GROUP_GII_2|GII.2|MG746013|rep1	3458	313.84	1.000000	1.000000
WW_SMV_1_10000_filtered	GII.3	GROUP_GII_3|GII.3|LC122751	410	30.79	0.999393	0.992107
WW_SMV_1_10000_filtered	GII.3	GROUP_GII_3|GII.3|OP205585|rep2	0	0.00	0.000000	0.000000
WW_SMV_1_10000_filtered	GII.4	GROUP_GII_4|GII.4|KM258129|rep1	1790	174.16	0.964880	0.860752
WW_SMV_1_10000_filtered	GII.4	GROUP_GII_4|GII.4|PZ478196|rep2	14998	1493.99	1.000000	1.000000
WW_SMV_1_10000_filtered	GII.5	GROUP_GII_5|GII.5|MZ265142|rep1	112	8.32	0.434997	0.173136
WW_SMV_1_10000_filtered	GII.6	GROUP_GII_6|GII.6|LC373450|rep1	523	49.89	1.000000	0.929440
WW_SMV_1_10000_filtered	GII.6	GROUP_GII_6|GII.6|PQ740335|rep2	137	12.19	0.869091	0.666061
WW_SMV_1_10000_filtered	GII.7	GROUP_GII_7|GII.7|LC877024|rep1	1365	115.61	1.000000	1.000000
WW_SMV_1_10000_filtered	GII.8	GROUP_GII_8|GII.8|MW661257|rep1	2	0.24	0.120198	0.000000
WW_SMV_1_10000_filtered	GII.9	GROUP_GII_9|GII.9|MZ312111|rep1	715	48.88	0.395911	0.371128
WW_SMV_1_10000_filtered	GII.10	GROUP_GII_10|GII.10|OP609644|rep1	22	0.36	0.122040	0.011536
WW_SMV_1_10000_filtered	GII.11	GROUP_GII_11|GII.11|PV769083|rep1	43	0.59	0.026156	0.013990
WW_SMV_1_10000_filtered	GII.12	GROUP_GII_12|GII.12|GQ845370|rep1	8	0.10	0.036692	0.011816
WW_SMV_1_10000_filtered	GII.13	GROUP_GII_13|GII.13|MW305678|rep1	99	10.82	0.961940	0.427256
WW_SMV_1_10000_filtered	GII.14	GROUP_GII_14|GII.14|LC122881|rep1	0	0.00	0.000000	0.000000
WW_SMV_1_10000_filtered	GII.16	GROUP_GII_16|GII.16|PV394762|rep1	0	0.00	0.000000	0.000000
WW_SMV_1_10000_filtered	GII.17	GROUP_GII_17|GII.17|LC939687|rep1	5	0.33	0.147874	0.000000
WW_SMV_1_10000_filtered	GII.17	GROUP_GII_17|GII.17|PX470709|rep2	1267	123.92	1.000000	1.000000
WW_SMV_1_10000_filtered	GII.18	GROUP_GII_18|GII.18|PV806863|rep1	23	0.26	0.022700	0.022700
WW_SMV_1_10000_filtered	GII.20	GROUP_GII_20|GII.20|OP729310|rep1	0	0.00	0.000000	0.000000
WW_SMV_1_10000_filtered	GII.21	GROUP_GII_21|GII.21|KX079488|rep1	5	0.64	0.353666	0.000000
WW_SMV_1_10000_filtered	GII.22	GROUP_GII_22|GII.22|MG495082|rep1	184	2.14	0.011685	0.011685
WW_SMV_1_10000_filtered	GII.23	GROUP_GII_23|GII.23|KY496328|rep1	0	0.00	0.000000	0.000000
WW_SMV_1_10000_filtered	GII.24	GROUP_GII_24|GII.24|MG495081|rep1	0	0.00	0.000000	0.000000
WW_SMV_1_10000_filtered	GII.25	GROUP_GII_25|GII.25|MG495083|rep1	7	0.09	0.012300	0.012300
WW_SMV_1_10000_filtered	GII.26	GROUP_GII_26|GII.26|MF352142|rep1	0	0.00	0.000000	0.000000
WW_SMV_1_10000_filtered	GII.27	GROUP_GII_27|GII.27|MK733205|rep1	11	0.13	0.011642	0.011642
WW_SMV_stock_filtered	GII.1	GROUP_GII_1|GII.1|MW305705|rep1	23564	767.34	0.457090	0.419154
WW_SMV_stock_filtered	GII.1	GROUP_GII_1|GII.1|OR397781|rep2	111	4.11	0.338941	0.174455
WW_SMV_stock_filtered	GII.2	GROUP_GII_2|GII.2|MG746013|rep1	2022321	185858.43	1.000000	1.000000
WW_SMV_stock_filtered	GII.3	GROUP_GII_3|GII.3|LC122751	4451	178.94	0.687310	0.359441
WW_SMV_stock_filtered	GII.3	GROUP_GII_3|GII.3|OP205585|rep2	1	0.05	0.048662	0.000000
WW_SMV_stock_filtered	GII.4	GROUP_GII_4|GII.4|KM258129|rep1	200	14.19	0.708564	0.547135
WW_SMV_stock_filtered	GII.4	GROUP_GII_4|GII.4|PZ478196|rep2	1384	146.64	1.000000	1.000000
WW_SMV_stock_filtered	GII.5	GROUP_GII_5|GII.5|MZ265142|rep1	2199	32.97	0.075169	0.067160
WW_SMV_stock_filtered	GII.6	GROUP_GII_6|GII.6|LC373450|rep1	35	2.85	0.516423	0.224453
WW_SMV_stock_filtered	GII.6	GROUP_GII_6|GII.6|PQ740335|rep2	72	4.36	0.383636	0.083636
WW_SMV_stock_filtered	GII.7	GROUP_GII_7|GII.7|LC877024|rep1	357	21.74	1.000000	0.941466
WW_SMV_stock_filtered	GII.8	GROUP_GII_8|GII.8|MW661257|rep1	5	0.42	0.242255	0.000000
WW_SMV_stock_filtered	GII.9	GROUP_GII_9|GII.9|MZ312111|rep1	249	15.12	0.298017	0.172862
WW_SMV_stock_filtered	GII.10	GROUP_GII_10|GII.10|OP609644|rep1	19896	463.53	0.310261	0.264724
WW_SMV_stock_filtered	GII.11	GROUP_GII_11|GII.11|PV769083|rep1	14351	199.58	0.052311	0.051703
WW_SMV_stock_filtered	GII.12	GROUP_GII_12|GII.12|GQ845370|rep1	21	0.32	0.103234	0.011816
WW_SMV_stock_filtered	GII.13	GROUP_GII_13|GII.13|MW305678|rep1	18	1.74	0.430939	0.134438
WW_SMV_stock_filtered	GII.14	GROUP_GII_14|GII.14|LC122881|rep1	0	0.00	0.000000	0.000000
WW_SMV_stock_filtered	GII.16	GROUP_GII_16|GII.16|PV394762|rep1	21	0.45	0.128158	0.038201
WW_SMV_stock_filtered	GII.17	GROUP_GII_17|GII.17|LC939687|rep1	0	0.00	0.000000	0.000000
WW_SMV_stock_filtered	GII.17	GROUP_GII_17|GII.17|PX470709|rep2	249	21.50	0.998760	0.778673
WW_SMV_stock_filtered	GII.18	GROUP_GII_18|GII.18|PV806863|rep1	0	0.00	0.000000	0.000000
WW_SMV_stock_filtered	GII.20	GROUP_GII_20|GII.20|OP729310|rep1	0	0.00	0.000000	0.000000
WW_SMV_stock_filtered	GII.21	GROUP_GII_21|GII.21|KX079488|rep1	16	1.23	0.223044	0.065311
WW_SMV_stock_filtered	GII.22	GROUP_GII_22|GII.22|MG495082|rep1	12	0.25	0.077491	0.018450
WW_SMV_stock_filtered	GII.23	GROUP_GII_23|GII.23|KY496328|rep1	9	0.35	0.038603	0.038603
WW_SMV_stock_filtered	GII.24	GROUP_GII_24|GII.24|MG495081|rep1	97	1.72	0.039288	0.021486
WW_SMV_stock_filtered	GII.25	GROUP_GII_25|GII.25|MG495083|rep1	42	1.25	0.100246	0.060886
WW_SMV_stock_filtered	GII.26	GROUP_GII_26|GII.26|MF352142|rep1	239	7.15	0.056476	0.049724
WW_SMV_stock_filtered	GII.27	GROUP_GII_27|GII.27|MK733205|rep1	47	0.71	0.042279	0.018382
